Date,Open,High,Low,Close,Volume,EMA20,EMA50,RSI14,ATR14,Prev20High,AvgVolume20,TrendPass,BreakoutPass,RSIPass,VolumePass,ConfirmationScore,BreakoutStrength
2024-12-30,716.0,749.0,702.0,704.3499755859375,12283534,704.3499755859375,704.3499755859375,,47.0,,,False,False,False,False,0,
2024-12-31,706.0,725.0,695.2000122070312,719.8499755859375,1752758,705.826166062128,704.9578187231924,,45.77142769949777,,,True,False,False,False,0,
2025-01-01,724.8499755859375,728.0999755859375,710.7000122070312,721.1500244140625,548645,707.2855811432646,705.5928071816579,,43.74489453374123,,,True,False,False,False,0,
2025-01-02,725.7999877929688,774.5,712.25,738.3499755859375,2261727,710.2440948997097,706.8774020210415,,45.06668778133114,,,True,False,False,False,0,
2025-01-03,738.3499755859375,758.0,728.0499877929688,739.9500122070312,822194,713.0732298813593,708.1743671263744,,43.98692524030972,,,True,False,False,False,0,
2025-01-06,740.0,742.6500244140625,704.0499877929688,712.4500122070312,1214818,713.0138758171377,708.3420394824786,86.66274726670756,43.602147481794304,,,True,False,True,False,1,
2025-01-07,719.5,726.7000122070312,707.0,722.0499877929688,792194,713.8744579100739,708.87960608289,87.29955375495746,41.894852105025514,,,True,False,True,False,1,
2025-01-08,718.25,725.9000244140625,698.4500122070312,719.7000122070312,513520,714.4292726050222,709.3039357348171,86.21438140267162,40.863077826597355,,,True,False,True,False,1,
2025-01-09,723.0,724.8499755859375,706.5,716.5499877929688,342111,714.6312454800648,709.5880946390583,84.69461187783578,39.254999095121654,,,True,False,True,False,1,
2025-01-10,711.2000122070312,715.0,685.5,701.2999877929688,658346,713.3616018908176,709.2630708411725,77.56592410841729,38.668926859253595,,,True,False,True,False,1,
2025-01-13,698.9500122070312,699.9500122070312,653.5999755859375,678.9000244140625,615139,710.0795468930314,708.0723631381486,68.4520612443346,39.31400438409486,,,True,False,True,False,1,
2025-01-14,681.0,699.4500122070312,666.0,685.5999755859375,252008,707.7481591494986,707.1910930380619,69.602538017509,38.89514780001889,,,True,False,True,False,1,
2025-01-15,684.0,692.2000122070312,668.0499877929688,669.1500244140625,390845,704.0721463175523,705.699286425356,63.48141479507273,37.841924701022,,,False,False,True,False,1,
2025-01-16,685.0,685.0,667.5,679.5499877929688,365229,701.7367026485443,704.6738237338899,65.54449694414708,36.388930079520435,,,False,False,True,False,1,
2025-01-17,680.9500122070312,696.0,671.5499877929688,687.0,271409,700.3332071582068,703.9807326070708,66.98344206231351,35.53615023148549,,,False,False,True,False,1,
2025-01-20,689.7999877929688,707.0999755859375,678.0,692.1500244140625,232802,699.5538564206693,703.5167832661685,67.9789799313569,35.07642347108921,,,False,False,True,False,1,
2025-01-21,689.9000244140625,699.5,677.5,689.25,173619,698.5725367615579,702.957301569456,66.7582820483888,34.142393223154265,,,False,False,True,False,1,
2025-01-22,688.0,697.3499755859375,663.25,672.4500122070312,399920,696.0846772801744,701.7609372807335,60.03292915500968,34.1393633919245,,,False,False,True,False,1,
2025-01-23,665.0499877929688,680.0,662.5499877929688,673.9500122070312,122551,693.976613939875,700.6703127680394,60.4163648822032,32.94726687871784,,,False,False,True,False,1,
2025-01-24,665.0,677.0,664.9500122070312,670.2999877929688,337415,691.7216971639792,699.4793196317621,58.934698204850164,31.45460408687862,,,False,False,True,False,1,
2025-01-27,652.0,700.0,612.2999877929688,656.9000244140625,1357929,688.4053473782728,697.8095433487151,53.725521521429386,35.472133238318094,774.5,1217539.2,False,False,True,True,2,-0.1518398651852001
2025-01-28,657.0,689.0,648.3499755859375,678.4500122070312,654612,687.457220219107,697.0503460490413,59.86889897495153,35.84198260801412,774.5,671258.95,False,False,True,False,1,-0.12401547810583446
2025-01-29,672.0,704.9000244140625,671.0,698.1500244140625,228845,688.4755825233884,697.093470690807,64.50768314802622,35.70327130844615,774.5,616351.65,False,False,True,False,1,-0.09857969733497418
2025-01-30,702.0,702.0,687.75,698.5999755859375,143239,689.4398104341074,697.1525493141455,64.60830863266642,34.17089478641429,774.5,600361.65,False,False,True,False,1,-0.09799874036676892
2025-01-31,699.0499877929688,732.0499877929688,689.7999877929688,717.3499755859375,254994,692.0979214009484,697.9446052463727,68.60299286193379,34.74797373024184,758.0,494437.25,False,False,True,False,1,-0.053628000546256605
2025-02-01,724.9500122070312,737.9000244140625,693.0,731.2999877929688,371911,695.8314515335218,699.2526594638863,71.20691137831419,35.4731202076576,742.6500244140625,466077.25,False,False,True,False,1,-0.015283156598626335
2025-02-03,720.0,741.9500122070312,709.9500122070312,736.9000244140625,355512,699.7427441888113,700.7290267168345,72.20353166080682,35.22504019282491,737.9000244140625,423931.9,False,False,True,False,1,-0.0013551971363520154
2025-02-04,740.0,756.0,725.25,748.9000244140625,362130,704.4243899245496,702.6180854500591,74.25957490425344,34.90539446476599,741.9500122070312,402097.8,True,True,True,False,1,0.009367224331404023
2025-02-05,756.9000244140625,780.9500122070312,750.0999755859375,771.5999755859375,451003,710.8220647494437,705.3232576122505,77.63035267834503,34.7014368453519,756.0,394528.3,True,True,True,True,2,0.020634888341187096
2025-02-06,771.5999755859375,771.5999755859375,751.0,758.2999877929688,165627,715.3437717059699,707.4007764428669,71.70549594375609,33.69418961253659,780.9500122070312,399972.9,True,False,True,False,1,-0.029003168013342573
2025-02-07,751.0,789.0,743.3499755859375,763.5,345447,719.9300791625441,709.6007459941271,72.58644237117011,34.548177812645584,780.9500122070312,375336.95,True,False,True,False,1,-0.022344595600576334
2025-02-10,770.0,774.9500122070312,687.1500244140625,702.5999755859375,388679,718.2795931076292,709.3262059781197,52.11975468324623,38.351878525525805,789.0,361852.35,True,False,True,True,2,-0.10950573436509825
2025-02-11,702.5999755859375,702.5999755859375,646.3499755859375,670.0999755859375,645369,713.6910581055635,707.7879224333283,44.851651734631616,39.630315773702534,789.0,368685.9,True,False,False,True,1,-0.15069711586066226
2025-02-12,673.0,715.9500122070312,652.0,702.7999877929688,366364,712.6538133138878,707.5923171533142,52.09079119449534,41.36743694751173,789.0,381412.1,True,False,True,False,1,-0.1092522334689876
2025-02-13,670.0,721.4000244140625,661.3499755859375,704.2999877929688,469061,711.8582108833241,707.4632061980066,52.39946112960246,42.70190922469839,789.0,381468.85,True,False,True,True,2,-0.107351092784577
2025-02-14,718.0,724.0,652.6500244140625,676.1500244140625,300073,708.4574312195849,706.2352382849108,46.36256079235853,44.74819967907261,789.0,391351.45,True,False,False,False,0,-0.1430291198807826
2025-02-17,675.2000122070312,675.2000122070312,636.9000244140625,660.6500244140625,299215,703.9043448571542,704.4475828389952,43.39777579360377,44.35547113056743,789.0,394715.0,False,False,False,False,0,-0.16267424028635935
2025-02-18,672.0,672.0,636.0,643.75,125512,698.1753596326633,702.0672854727602,40.366748320240404,43.758651764098325,789.0,400994.8,False,False,False,False,0,-0.18409378960709755
2025-02-19,645.8499755859375,660.5999755859375,636.9500122070312,645.2999877929688,183359,693.1396099336448,699.8411169362978,40.77530364311219,42.32231687944175,789.0,387274.4,False,False,False,False,0,-0.18212929303806247
2025-02-20,640.0,655.4500122070312,638.0,639.3499755859375,181578,688.0167876148156,697.4689153147151,39.65223999449723,40.545723688555285,789.0,390314.8,False,False,False,False,0,-0.18967049989108054
2025-02-21,649.0,649.0,611.25,628.0,193238,682.3009030800713,694.7446441259027,37.52882959150484,40.34602913937276,789.0,382522.95,False,False,False,False,0,-0.20405576679340942
2025-02-24,624.9500122070312,624.9500122070312,579.1500244140625,596.5499877929688,380304,674.1341492432044,690.8938732893171,32.35801812762634,40.95345388555595,789.0,324288.4,False,False,False,True,1,-0.24391636528140848
2025-02-25,598.0,612.25,591.5499877929688,600.0,257614,667.073754077185,687.3294076701281,33.44140194723772,39.50677947994704,789.0,310573.0,False,False,False,False,0,-0.2395437262357415
2025-02-27,606.25,606.25,565.25,572.8499755859375,131695,658.1000608875423,682.8400181766305,29.44465406260572,39.61343808852226,789.0,312011.45,False,False,False,False,0,-0.27395440356661915
2025-02-28,568.0,568.9500122070312,550.0,557.4000244140625,139906,648.5095812234014,677.9208027349611,27.43522631454944,38.416047909766206,789.0,311434.25,False,False,False,False,0,-0.2935360907299588
2025-03-03,560.1500244140625,565.9500122070312,523.4000244140625,559.3499755859375,225572,640.0181902103095,673.2709663761758,28.102130235024745,38.71132932999496,789.0,305679.85,False,False,False,False,0,-0.29106466972631495
2025-03-04,555.0,578.9500122070312,536.0999755859375,571.0,161366,633.4450292378991,669.2603402437768,32.1162561716491,39.00695127935916,789.0,298362.9,False,False,False,False,0,-0.27629911280101394
2025-03-05,571.0,628.0999755859375,563.25,620.8499755859375,272714,632.2455003186647,667.3618945709203,46.007247403916466,40.8528815869719,789.0,288655.6,False,False,False,False,0,-0.2131179016654785
2025-03-06,622.0,682.9000244140625,622.0,682.9000244140625,336499,637.0697407087025,667.9712329961416,57.62955441728098,42.366964961339974,789.0,284184.8,False,False,True,True,2,-0.1344739868009347
2025-03-07,714.75,723.7000122070312,686.0499877929688,705.5,670302,643.5869082602546,669.442949349234,60.92844629845354,42.25503802074203,789.0,278459.6,False,False,True,True,2,-0.10583016476552598
2025-03-10,694.0499877929688,740.75,680.5,739.2999877929688,352703,652.7024396443227,672.18244105291,65.28208106382837,43.540392447831884,789.0,303693.35,False,False,True,True,2,-0.0629911434816619
2025-03-11,716.0,741.7000122070312,716.0,736.8499755859375,194899,660.7164906863812,674.7184227993033,64.719143203291,42.26607957348899,774.9500122070312,304056.15,False,False,True,False,1,-0.049164508705001664
2025-03-12,730.0,744.9500122070312,715.0999755859375,737.2000122070312,156360,668.0006355931098,677.1686812074496,64.76589084226659,41.37921936260362,741.7000122070312,294367.15,False,False,True,False,1,-0.006067142949896409
2025-03-13,738.0,774.0,715.0499877929688,734.3499755859375,231413,674.3196203543315,679.4110849085667,64.02206396027731,42.63427599434846,744.9500122070312,269916.7,False,False,True,False,1,-0.014229191821461207
2025-03-17,734.3499755859375,736.6500244140625,710.5,725.1500244140625,189088,679.160611217163,681.2047688107431,61.56411460911384,41.45682945289946,774.0,263169.15,False,False,True,False,1,-0.06311366354772285
2025-03-18,725.1500244140625,725.1500244140625,725.1500244140625,725.1500244140625,0,683.5405553311534,682.928112167736,61.56411460911384,38.49562734912093,774.0,249170.5,True,False,True,False,1,-0.06311366354772285
2025-03-19,730.1500244140625,751.0,727.0499877929688,735.0999755859375,229392,688.4509763077996,684.9740675959008,63.32998622374136,37.59236650889355,774.0,234166.85,True,False,True,False,1,-0.05025842947553294
2025-03-20,720.0,771.8499755859375,720.0,771.8499755859375,202084,696.3937381438127,688.3809659484514,68.99581706218187,38.61076715725383,774.0,230675.7,True,False,True,False,1,-0.0027778093204942067
2025-03-21,810.4000244140625,810.4000244140625,785.0,793.1500244140625,595808,705.6086225505031,692.4895564765145,71.7228827688354,38.60643013374463,774.0,234504.3,True,True,True,True,2,0.024741633609899782
2025-03-24,806.1500244140625,806.1500244140625,753.5,755.0999755859375,231485,710.322084744354,694.9448670298252,61.342853289522246,39.6095440109102,810.4000244140625,255126.75,True,False,True,False,1,-0.06823796540246674
2025-03-25,756.0,763.2000122070312,727.75,743.4000244140625,143601,713.4723647128977,696.8450692801875,58.53749399902244,39.312434596347416,810.4000244140625,257622.1,True,False,True,False,1,-0.08267521962186819
2025-03-26,735.0,735.0,706.25,707.7000122070312,1173433,712.9226168551962,697.2707533165343,50.88989555839164,39.15797672618421,810.4000244140625,255140.25,True,False,True,True,2,-0.12672755319977402
2025-03-27,710.0,743.0,684.0,730.4500122070312,466096,714.59189260299,698.5719007240048,54.930714083813605,40.57526410288534,810.4000244140625,294796.7,True,False,True,True,2,-0.09865499728339333
2025-03-28,730.4500122070312,734.4000244140625,706.6500244140625,712.4500122070312,220069,714.3879039938511,699.1161403900059,51.331882929459915,39.6591738098221,810.4000244140625,305220.8,True,False,True,False,1,-0.12086625031613407
2025-04-01,710.0,736.9500122070312,702.25,718.4000244140625,101034,714.7700107005379,699.8723711360474,52.44107883084486,39.30494798105132,810.4000244140625,309639.5,True,False,True,False,1,-0.1135241821673415
2025-04-02,718.75,750.4000244140625,707.75,739.7999877929688,181403,717.1538180426742,701.4381600245541,56.298849766535305,39.54388201198069,810.4000244140625,307695.9,True,False,True,False,1,-0.08711751541732637
2025-04-03,736.5,749.4000244140625,715.0,724.2000122070312,144609,717.8248841535653,702.3307816787689,52.92839327925646,39.176463612129396,810.4000244140625,305487.45,True,False,True,False,1,-0.10636723791976166
2025-04-04,725.0,725.2999877929688,688.0,688.0,140213,714.9844189960829,701.7687902403858,46.0403302196457,39.042429625046495,810.4000244140625,304649.6,True,False,False,False,0,-0.15103655074857691
2025-04-07,619.2000122070312,678.0,619.2000122070312,667.0999755859375,242693,710.4239958141643,700.4092288813879,42.593833330395455,41.1679694941838,810.4000244140625,298024.55,True,False,False,False,0,-0.17682631356253253
2025-04-08,689.0,699.9500122070312,670.3499755859375,696.0,129900,709.050281927101,700.2363179448629,48.351342018503864,40.573831431820224,810.4000244140625,293334.25,True,False,False,False,0,-0.1411648827340255
2025-04-09,689.0,706.6500244140625,668.5,693.0999755859375,162734,707.5312051327045,699.9564613817678,47.83291098121118,40.400702359123244,810.4000244140625,266314.15,True,False,False,False,0,-0.14474339251524038
2025-04-11,702.0,724.7999877929688,698.0499877929688,714.75,220587,708.2187094057803,700.5366001511102,51.972997024913845,39.77922449111668,810.4000244140625,256815.7,True,False,True,False,1,-0.11802816082492051
2025-04-15,726.0,762.0999755859375,721.0,749.0499877929688,338835,712.1074025855125,702.4390859409871,57.70053406446135,40.31999242646103,810.4000244140625,258100.1,True,False,True,True,2,-0.07570339927550129
2025-04-16,749.0499877929688,758.0,738.1500244140625,748.0499877929688,97557,715.5305059386037,704.2277487587119,57.4852906515598,38.85784836642363,810.4000244140625,267223.85,True,False,True,False,1,-0.07693735777732025
2025-04-17,754.8499755859375,785.25,740.0,774.2000122070312,217610,721.1180779641682,706.9717590900185,61.52698140807797,39.314430625964796,810.4000244140625,260531.05,True,False,True,False,1,-0.044669312828815255
2025-04-21,780.0,798.0,765.0,769.1500244140625,146398,725.6925490546344,709.4101224360595,60.33412060829083,38.863399866967306,810.4000244140625,261957.15,True,False,True,False,1,-0.050900788200030855
2025-04-22,773.9500122070312,780.9000244140625,745.4000244140625,748.7000122070312,78220,727.8837360215293,710.9509024270781,55.63057226148388,38.62315701932678,810.4000244140625,269277.05,True,False,True,False,1,-0.07613525462519788
2025-04-23,759.4500122070312,759.5999755859375,726.5,745.2000122070312,128191,729.5329051820534,712.29400477139,54.842548327670784,38.228644059798974,810.4000244140625,261718.45,True,False,True,False,1,-0.08045410938156417
2025-04-24,760.9000244140625,806.4500122070312,738.0999755859375,758.5999755859375,577046,732.3011976014709,714.10992519549,57.33440976428412,40.38017209989145,810.4000244140625,258023.8,True,False,True,True,2,-0.06391911064610045
2025-04-25,758.5999755859375,760.0,723.0999755859375,739.8499755859375,187013,733.0201288380867,715.1193389362919,52.93289227423849,40.13159012233225,806.4500122070312,257085.7,True,False,True,False,1,-0.08258420932852095
2025-04-28,740.0,742.9000244140625,726.4000244140625,735.7999877929688,88538,733.2848773099803,715.9303447738088,52.00421933070762,38.44361939930852,806.4500122070312,254862.1,True,False,True,False,1,-0.08760620415977538
2025-04-29,735.7999877929688,750.7000122070312,730.2000122070312,733.6500244140625,57067,733.3196532246549,716.6252341714659,51.487798770096916,37.16193229935791,806.4500122070312,252108.95,True,False,True,False,1,-0.09027216404118499
2025-04-30,731.9500122070312,751.9000244140625,710.5999755859375,718.7999877929688,99709,731.9368279454467,716.7105186272111,47.94619298662016,37.4575120514127,806.4500122070312,196290.65,True,False,False,False,0,-0.10868624600077637
2025-05-02,717.0,728.0,710.0,712.5999755859375,41123,730.0952229588268,716.5493208608866,46.50781980356006,36.06768976202608,806.4500122070312,177971.3,True,False,False,False,0,-0.11637427639718434
2025-05-05,706.25,760.9000244140625,706.25,758.5499877929688,215096,732.8052005620784,718.1964058386154,56.84162561779298,37.39499938002868,806.4500122070312,169024.0,True,False,True,True,2,-0.05939614816667105
2025-05-06,775.0,790.0999755859375,756.0499877929688,763.6500244140625,460877,735.742802833696,719.9789006847114,57.8157023444838,37.15606998095297,806.4500122070312,174727.1,True,False,True,True,2,-0.0530720902041244
2025-05-07,758.0999755859375,780.0,754.5,762.0,74913,738.2434882781059,721.6267869323698,57.36460130544769,36.32349355374205,806.4500122070312,188700.8,True,False,True,False,1,-0.055118124538660274
2025-05-08,766.0,783.7000122070312,740.5999755859375,745.5,72507,738.9345846325721,722.5629913663945,52.91817463697179,36.80753234426717,806.4500122070312,185216.0,True,False,True,False,1,-0.07557816514904359
2025-05-09,729.9000244140625,741.9500122070312,711.0,738.0,195728,738.8455765723272,723.168364253987,50.98371086926996,36.64270860539095,806.4500122070312,181830.7,True,False,True,True,2,-0.08487818360830879
2025-05-12,767.0,789.7999877929688,766.2000122070312,778.7999877929688,121391,742.6507585933407,725.3499965496334,59.62947847385894,37.72537140450365,806.4500122070312,179482.45,True,False,True,False,1,-0.03428609832665508
2025-05-13,840.0,840.0,779.0999755859375,790.9500122070312,583810,747.2506875089304,727.9225461832568,61.79086356613712,39.40213146182705,806.4500122070312,179057.0,True,False,True,True,2,-0.019220038149147967
2025-05-14,795.0,802.0499877929688,755.2999877929688,764.75,256224,748.917288698556,729.3667600584232,54.95793018815685,39.92697921455369,840.0,200110.8,True,False,True,True,2,-0.08958333333333335
2025-05-15,762.9000244140625,775.5999755859375,750.25,756.0,184429,749.5918326320269,730.4112008404459,52.85576645591193,38.88576466965254,840.0,201892.65,True,False,True,False,1,-0.09999999999999998
2025-05-16,756.0,758.75,744.5499877929688,753.25,103137,749.9402295242148,731.3068400231734,52.18022586429992,37.12249663660816,840.0,194172.35,True,False,True,False,1,-0.10327380952380949
2025-05-19,755.0,786.0,753.9000244140625,780.0499877929688,288688,752.8078255498103,733.2183360141457,57.83594727064427,36.81017544827901,840.0,194451.35,True,False,True,True,2,-0.07136906215122762
2025-05-20,783.0,787.5499877929688,730.0,743.7999877929688,152103,751.949936239635,733.6333027505701,49.33622889339582,38.291590615756846,840.0,198005.25,True,False,False,False,0,-0.1145238240559896
2025-05-21,754.0,768.4000244140625,745.0,763.5999755859375,75246,753.0594637964257,734.8084663911728,53.36745703653847,37.313622473280915,840.0,198290.5,True,False,True,False,1,-0.09095241001674104
2025-05-22,760.0,770.7999877929688,752.7000122070312,764.4500122070312,162972,754.1442779307691,735.970879952579,53.53837654779158,35.941219124184954,840.0,198141.8,True,False,True,False,1,-0.08994046165829617
2025-05-23,767.0,776.7000122070312,753.0499877929688,763.5999755859375,102544,755.0448205645946,737.0543738989852,53.32788165689134,35.06327664489049,840.0,199880.85,True,False,True,False,1,-0.09095241001674104
2025-05-26,770.4000244140625,779.8499755859375,763.75,766.8499755859375,59264,756.1691210428178,738.222828867101,54.071397118136055,33.71947117025546,840.0,176155.75,True,False,True,False,1,-0.08708336239769343
2025-05-27,756.0,764.1500244140625,752.0499877929688,757.1500244140625,53814,756.2625404115078,738.965071829727,51.43758996022169,32.36807950044927,840.0,169768.3,True,False,True,False,1,-0.09863092331659229
2025-05-28,760.0,760.0,744.0,756.3499755859375,68014,756.2708675709772,739.6468327613431,51.21599817697818,31.198930964702893,840.0,168032.1,True,False,True,False,1,-0.0995833623976935
2025-05-29,764.7000122070312,776.0,757.0,763.5999755859375,51116,756.9688778581162,740.5861716956409,53.184208942939186,30.374009068228577,840.0,168579.45,True,False,True,False,1,-0.09095241001674104
2025-05-30,772.0,783.4000244140625,765.0999755859375,775.6500244140625,104806,758.7480346729683,741.9612247434222,56.33732531450508,29.618726193935466,840.0,166149.8,True,False,True,False,1,-0.07660711379278273
2025-06-02,775.6500244140625,777.5499877929688,762.9000244140625,764.3499755859375,51748,759.2815528551557,742.8392149725405,52.74941578097639,28.54952885000481,840.0,169333.95,True,False,True,False,1,-0.0900595528738839
2025-06-03,765.0,774.7000122070312,731.25,734.5499877929688,124062,756.9261657063761,742.5141472400082,44.66997316611903,29.613849089792414,840.0,161166.55,True,False,False,False,0,-0.12553572881789432
2025-06-04,735.0,747.0499877929688,731.5499877929688,735.75,66877,754.9093880200545,742.2488865639295,45.035066342351264,28.605717011950098,840.0,144325.8,True,False,False,False,0,-0.12410714285714286
2025-06-05,741.0,744.9000244140625,727.4500122070312,741.0499877929688,121845,753.5894451412844,742.2018709258526,46.70762664800565,27.808880954455894,840.0,143924.0,True,False,False,False,0,-0.11779763357979911
2025-06-06,742.0,752.9500122070312,740.0,746.4500122070312,67124,752.909499147546,742.3684647015851,48.42950672218318,26.747533186782704,840.0,146390.9,True,False,False,False,0,-0.11136903308686752
2025-06-09,746.4500122070312,762.75,746.4500122070312,750.1500244140625,129569,752.6466920300713,742.673623905996,49.630383913562866,26.001279944367422,840.0,139960.7,True,False,False,False,0,-0.1069642566499256
2025-06-10,750.1500244140625,757.9000244140625,735.0499877929688,741.8499755859375,48706,751.6184333211062,742.6413239718761,46.98713276886407,25.77619113556216,840.0,140369.6,True,False,False,False,0,-0.1168452671595982
2025-06-11,744.9500122070312,752.7999877929688,731.25,733.5999755859375,34581,749.9023897272806,742.2867612900747,44.45288688742368,25.47431946823406,802.0499877929688,113614.4,True,False,False,False,0,-0.08534382301455767
2025-06-12,739.0,740.6500244140625,720.0,724.0,48238,747.4354954675396,741.5696333963463,41.63860959007585,25.129726964364664,787.5499877929688,102532.25,True,False,False,False,0,-0.08069327506570256
2025-06-13,722.0,724.5,705.7999877929688,710.75,70739,743.9416387563452,740.3610203219797,38.05734930723165,24.670461624555138,787.5499877929688,95722.7,True,False,False,False,0,-0.0975176039405361
2025-06-16,711.9500122070312,725.2000122070312,695.7999877929688,712.2999877929688,71835,740.9281481884046,739.2605876737832,38.7213158280218,25.00828753809138,787.5499877929688,94102.8,True,False,False,False,0,-0.09554949040235616
2025-06-17,713.75,720.0,704.2999877929688,706.9500122070312,127281,737.6921352377977,737.9935062829302,37.23761460744724,24.343410728729943,787.5499877929688,83260.15,False,False,False,True,1,-0.10234267898576321
2025-06-18,705.0999755859375,716.0499877929688,697.0,701.5999755859375,43061,734.2547866995254,736.5663090006952,35.76188631654668,23.965309090461286,783.4000244140625,82019.05,False,False,False,False,0,-0.10441670446628681
2025-06-19,699.0,707.7999877929688,698.0,701.0,60789,731.0876641567136,735.1715517849817,35.59153996484902,22.95350042635468,783.4000244140625,80409.8,False,False,False,False,0,-0.10518256554267136
2025-06-20,699.0,712.7000122070312,682.3499755859375,700.2000122070312,98408,728.1459830186485,733.8001188603563,35.34975278798224,23.481824440264614,783.4000244140625,75300.65,False,False,False,True,1,-0.10620373961471341
2025-06-23,690.0,704.5,686.3499755859375,697.9000244140625,51708,725.2654155324975,732.3922720193251,34.621537668118464,23.100981581250178,783.4000244140625,75093.85,False,False,False,False,0,-0.1091396442883047
2025-06-24,703.9500122070312,707.5499877929688,700.0,700.5499877929688,75070,722.91156527159,731.1435549908406,36.25100507331989,22.14019456679704,783.4000244140625,74716.05,False,False,False,True,1,-0.1057570003052537
2025-06-25,707.9000244140625,708.0,693.0,696.9500122070312,59724,720.4390364082988,729.8026317444168,34.97567826924036,21.63018066916868,783.4000244140625,75778.85,False,False,False,False,0,-0.1103523225847367
2025-06-26,702.0,705.9000244140625,692.2999877929688,699.5,59122,718.4448424646513,728.6142932446357,36.67509241679796,21.056598951449043,783.4000244140625,75364.35,False,False,False,False,0,-0.10709729614422059
2025-06-27,702.9500122070312,703.1500244140625,670.0,688.6500244140625,143686,715.6072407455475,727.0470670159859,32.75274187516638,21.920415055921435,783.4000244140625,75764.65,False,False,False,True,1,-0.1209471496645248
2025-06-30,681.0999755859375,693.3499755859375,680.1500244140625,682.9500122070312,92859,712.4970285037841,725.3177707489681,30.88403602280009,21.297524778489546,777.5499877929688,77708.65,False,False,False,True,1,-0.12166417217040171
2025-07-01,694.0,707.0,663.25,675.6500244140625,761518,708.9877900190488,723.3700159907364,28.63103512660784,22.901273008597435,774.7000122070312,79764.2,False,False,False,True,1,-0.12785592646473143
2025-07-02,686.0,694.7000122070312,676.9500122070312,686.2999877929688,150054,706.8270469498983,721.9162893947455,35.96979792015043,22.626181207481103,762.75,111637.0,False,False,False,True,1,-0.10022944897676989
2025-07-03,686.0,720.7000122070312,673.1500244140625,686.5999755859375,1222503,704.9006592009497,720.5313359120472,36.168904632630635,24.406453106444506,762.75,115795.85,False,False,False,True,1,-0.09983615131309409
2025-07-04,717.9000244140625,755.25,705.1500244140625,750.6500244140625,1489877,709.2577416021985,721.712460951342,62.780543522293684,27.56670819984579,762.75,170828.75,False,False,True,True,2,-0.015863619253933092
2025-07-07,750.6500244140625,767.1500244140625,730.0,744.0,269042,712.5665281162749,722.586482090505,59.98435914014732,28.251230786575558,762.75,241966.4,False,False,True,True,2,-0.024582104228121904
2025-07-08,743.75,796.0,740.2999877929688,785.1500244140625,1048490,719.4792420493975,725.0399543384876,69.14291782098846,30.211858030893822,767.1500244140625,248940.05,False,True,True,True,2,0.02346346793607701
2025-07-09,788.0,799.0,758.0999755859375,764.9000244140625,249207,723.8050308460323,726.6030943414513,61.66354075996577,30.97529848683444,796.0,298929.25,False,False,True,False,1,-0.039070321087861126
2025-07-10,763.6500244140625,777.8499755859375,761.5999755859375,772.7000122070312,146559,728.461695737556,728.4108166106898,63.30988401519205,29.923491452060553,799.0,309660.55,True,False,True,False,1,-0.032916129903590385
2025-07-11,772.6500244140625,785.0,768.0,783.1500244140625,123044,733.6701079924615,730.5574522108221,65.45058795814465,29.000384919770514,799.0,314576.6,True,False,True,False,1,-0.019837266065003134
2025-07-14,782.7999877929688,783.5499877929688,765.2000122070312,772.8499755859375,81562,737.4015239537449,732.2159825392581,61.63350532449294,28.239641395925297,799.0,317191.85,True,False,True,False,1,-0.03272844106891426
2025-07-15,782.0,786.9000244140625,770.0,782.2999877929688,162153,741.6775681289091,734.1800611766586,63.72384574664102,27.42966875436367,799.0,317678.2,True,False,True,False,1,-0.020901141685896407
2025-07-16,781.5,799.0,773.0999755859375,788.2000122070312,520819,746.1082770887302,736.2984906288301,65.00578451362374,27.32040844434216,799.0,319421.8,True,False,True,True,2,-0.013516880842263768
2025-07-17,791.9500122070312,814.7000122070312,788.0,807.0999755859375,318309,751.9170102789404,739.0750194506775,68.80834629704074,27.27609442739138,799.0,343309.7,True,True,True,False,1,0.010137641534339714
2025-07-18,814.0,831.3499755859375,800.1500244140625,825.5999755859375,283330,758.9344355462734,742.4681549853935,72.01399795498259,27.556369909140212,814.7000122070312,356185.7,True,True,True,False,1,0.013379112821390704
2025-07-21,832.0,838.2000122070312,810.0499877929688,814.2999877929688,138662,764.207345284054,745.2850896052985,67.45388279472598,27.598773802348948,831.3499755859375,365431.8,True,False,True,False,1,-0.02050879688900198
2025-07-22,815.7999877929688,834.0499877929688,800.0499877929688,808.8499755859375,174419,768.4590243604239,747.7778302319902,65.30597329494489,28.05600424503831,838.2000122070312,369779.5,True,False,True,False,1,-0.03501555260517519
2025-07-23,815.0,833.5499877929688,808.0,820.6500244140625,234108,773.4295957941038,750.6355633371695,67.70387026474512,27.877003069890485,838.2000122070312,374746.95,True,False,True,False,1,-0.02093770882531787
2025-07-24,815.0,815.0,781.75,785.4000244140625,141615,774.5696366150522,751.9988755362634,55.388315771630744,28.664361737331344,838.2000122070312,383466.15,True,False,True,False,1,-0.06299211050348619
2025-07-25,782.5499877929688,795.9000244140625,758.7000122070312,761.0,116279,773.2772902707616,752.3518608093511,48.77453982814433,29.274051056595624,838.2000122070312,387590.8,True,False,False,False,0,-0.09210213682025481
2025-07-28,760.0499877929688,769.7999877929688,720.75,730.0499877929688,216915,769.1604043204956,751.4772775538067,41.93450806520911,30.686617966336563,838.2000122070312,386220.45,True,False,False,False,0,-0.12902651257340947
2025-07-29,730.4500122070312,799.0,727.5499877929688,776.6500244140625,287297,769.8737014722639,752.4644440973462,52.691972018798765,33.59828898352904,838.2000122070312,392423.25,True,False,True,False,1,-0.07343114638104564
2025-07-30,771.0,788.5999755859375,761.0499877929688,781.0499877929688,149136,770.9381096932834,753.5854458109001,53.566691712422724,33.16626746991759,838.2000122070312,368712.2,True,False,True,False,1,-0.06818184631563418
2025-07-31,769.0,788.5999755859375,759.3499755859375,782.4500122070312,165174,772.0344813612594,754.7173895911405,53.85903422184978,32.88653407920919,838.2000122070312,368666.3,True,False,True,False,1,-0.06651157144845044
2025-08-01,771.25,797.0,760.0,764.1500244140625,141904,771.2835806996216,755.0872968390983,49.47431296895637,33.180353073551395,838.2000122070312,315799.85,True,False,False,False,0,-0.08834405477755924
2025-08-04,764.1500244140625,777.9000244140625,752.0999755859375,770.2999877929688,101848,771.1899051847023,755.6838729549363,50.92038843447754,32.65318848459236,838.2000122070312,248401.2,True,False,True,False,1,-0.08100694753663584
2025-08-05,768.0,779.3499755859375,760.1500244140625,769.3499755859375,39098,771.0146737943437,756.219798548309,50.67909311136545,31.69224296225541,838.2000122070312,240041.5,True,False,True,False,1,-0.08214034313815799
2025-08-06,754.0,766.6500244140625,750.2999877929688,755.75,45180,769.5608953377396,756.2013750758263,47.22878709697022,30.78922473587779,838.2000122070312,189571.9,True,False,False,False,0,-0.0983655583467905
2025-08-07,750.0999755859375,758.4500122070312,736.0,746.9000244140625,76340,767.4027171545322,755.8366162263454,45.07807267588833,30.19356669810304,838.2000122070312,179370.55,True,False,False,False,0,-0.10892386836474788
2025-08-08,754.0,758.4000244140625,734.5499877929688,739.6500244140625,47753,764.7596035602018,755.2018479199814,43.33700571847112,29.740457406888094,838.2000122070312,175859.6,True,False,False,False,0,-0.11757335523472578
2025-08-11,757.0,763.0,724.2999877929688,740.1500244140625,51603,762.4158341177123,754.6115803315141,43.49908306242181,30.38042560689832,838.2000122070312,172095.05,True,False,False,False,0,-0.11697683889886523
2025-08-12,740.1500244140625,751.2999877929688,732.0,733.3499755859375,31441,759.6476571146861,753.777791910119,41.75001721534571,29.58896576304621,838.2000122070312,170597.1,True,False,False,False,0,-0.12508951932011703
2025-08-13,736.5,769.0,736.5,762.2999877929688,104885,759.9002600364273,754.1119956702308,50.816994452080245,30.021898523833087,838.2000122070312,164061.5,True,False,True,False,1,-0.09055120891040447
2025-08-14,757.9500122070312,757.9500122070312,709.0499877929688,712.9000244140625,258329,755.4240471200117,752.4958399346948,39.51426785181136,31.68104862927358,838.2000122070312,143264.8,True,False,False,True,1,-0.1494869792032648
2025-08-18,737.75,740.9500122070312,696.0,715.2999877929688,280174,751.6027081364838,751.0371790663918,40.21003705685316,32.62883174197056,838.2000122070312,140265.8,True,False,False,True,1,-0.14662374448129545
2025-08-19,719.9000244140625,751.4000244140625,709.0,745.9000244140625,203476,751.059595401015,750.8357220212024,48.36559134956659,33.32677407569141,838.2000122070312,140108.0,True,False,False,True,1,-0.11011690103646898
2025-08-20,743.0999755859375,750.0,731.5,733.4500122070312,72683,749.3824922396833,750.1539294794702,45.637970291451666,32.2677187845706,834.0499877929688,143348.7,False,False,False,False,0,-0.12061624250141323
2025-08-21,737.0,755.0999755859375,729.2000122070312,748.0999755859375,152690,749.2603477964694,750.0733822679591,49.26387411243449,31.81287911273743,833.5499877929688,138261.9,False,False,False,True,1,-0.10251336267580236
2025-08-22,757.0,767.7000122070312,743.0,749.9500122070312,199190,749.3260301212848,750.0685442263542,49.71995798746863,31.304817190901275,815.0,134191.0,False,False,False,True,1,-0.07981593594229297
2025-08-25,754.0,757.9500122070312,733.2000122070312,737.4000244140625,74911,748.1902200539303,749.571739527833,46.656001499909074,30.836615962979756,799.0,137069.75,False,False,False,False,0,-0.07709633990730602
2025-08-26,726.0,735.9000244140625,722.9500122070312,725.5,43632,746.0292467154607,748.6277497424278,43.89386643875413,29.66614426612629,799.0,135001.35,False,False,False,False,0,-0.0919899874843555
2025-08-28,720.0499877929688,733.9500122070312,715.1500244140625,716.75,47428,743.240747028274,747.3776419093914,41.92829219943116,28.889990232329325,799.0,126337.2,False,False,False,False,0,-0.1029411764705882
2025-08-29,717.0,722.0,700.0,708.6500244140625,106576,739.9463924935872,745.8589118115354,40.136508646143845,28.39784807287723,797.0,114343.75,False,False,False,False,0,-0.1108531688656681
2025-09-01,704.0,727.9000244140625,704.0,723.1500244140625,99110,738.3467383907753,744.968367207713,44.692969947564755,28.076574954390466,797.0,112215.75,False,False,False,False,0,-0.09265994427344726
2025-09-02,735.9500122070312,751.2000122070312,718.1500244140625,746.7999877929688,129306,739.1518097624128,745.0401954659583,51.21521607362863,28.43181872857463,797.0,108912.55,False,False,True,True,2,-0.06298621355963774
2025-09-03,743.4500122070312,753.2999877929688,738.4500122070312,745.2999877929688,36576,739.7373505272276,745.0503834003509,50.80597697205049,27.46168707552912,779.3499755859375,108282.65,False,False,True,False,1,-0.043690240404984926
2025-09-04,753.9000244140625,754.0999755859375,728.0,737.5499877929688,61028,739.529030266822,744.7562502392772,48.64327800009441,27.36442196912972,779.3499755859375,105019.05,False,False,False,False,0,-0.053634424972609174
2025-09-05,735.7000122070312,742.8499755859375,719.2000122070312,725.0499877929688,32101,738.1500738407408,743.9834556335396,45.29426037631284,27.09910349839947,769.0,106115.55,False,False,False,False,0,-0.057152161517595945
2025-09-08,725.0,753.9000244140625,725.0,749.6500244140625,73447,739.2453072286762,744.2056740170896,52.260282759544374,27.227740706661116,769.0,105461.6,False,False,True,False,1,-0.025162517016823815
2025-09-09,760.0,773.0,744.5499877929688,750.3499755859375,141728,740.3028946912725,744.4466270197895,52.44583117142117,27.315045813830412,769.0,105316.95,False,False,True,True,2,-0.024252307430510434
2025-09-10,761.75,767.9500122070312,748.6500244140625,751.5,64333,741.3692856730561,744.7232298817586,52.77062932851371,26.742541669483153,773.0,110015.7,False,False,True,False,1,-0.02781371280724454
2025-09-11,750.0,759.1500244140625,740.2999877929688,744.0,25467,741.6198298946698,744.6948679256111,50.35512656031974,26.178791308883913,773.0,110652.2,False,False,True,False,1,-0.03751617076325997
2025-09-12,745.0,762.0,741.0,745.0499877929688,84269,741.9465115992697,744.7087941949192,50.695386246407615,25.808877643963633,773.0,110353.5,False,False,True,False,1,-0.03615784244117881
2025-09-15,748.7000122070312,771.9000244140625,738.7999877929688,764.75,126835,744.1182723993393,745.4947238343341,56.69278922939562,26.329674713758642,773.0,109322.7,False,False,True,True,2,-0.010672703751617107
2025-09-16,773.0,784.7999877929688,766.0,773.3499755859375,125986,746.9022441313962,746.5870866481224,59.03539826352601,25.881125647987936,773.0,102748.0,True,True,True,True,2,0.00045274978775866614
2025-09-17,760.0,774.9000244140625,753.0,758.4000244140625,71062,747.9972708249834,747.0503391095318,53.606811132087564,25.59676127413612,784.7999877929688,95038.6,True,False,True,False,1,-0.033639097591156686
2025-09-18,753.0,759.5,748.25,754.75,55099,748.6403878892708,747.3522865954326,52.3413184104137,24.571992611697826,784.7999877929688,88417.9,True,False,True,False,1,-0.038289995234933594
2025-09-19,758.7999877929688,777.0,750.9000244140625,769.25,146033,750.6032080902926,748.2110204544352,56.71305083394606,24.681134252714948,784.7999877929688,87538.7,True,False,True,True,2,-0.01981395009535969
2025-09-22,787.7000122070312,787.7000122070312,763.8499755859375,779.25,192881,753.3314739864552,749.428235338575,59.474021184181495,24.62177013617058,784.7999877929688,87205.85,True,False,True,True,2,-0.007071849999101709
2025-09-23,789.0,789.0,753.0,767.2999877929688,124913,754.6618086346946,750.1290883760021,54.962487763149376,25.434500840729825,787.7000122070312,86890.4,True,False,True,True,2,-0.025898215180807593
2025-09-24,763.2999877929688,786.0,750.2000122070312,755.4500122070312,129901,754.7368756415838,750.3377520556503,50.84371404139475,26.174892765889748,789.0,89390.5,True,False,True,True,2,-0.042522164503128956
2025-09-25,771.0,789.0,754.0,765.75,484601,755.7857446280996,750.9421539358209,54.065831362637745,26.805257568326194,789.0,93703.95,True,False,True,True,2,-0.02946768060836502
2025-09-26,774.9000244140625,774.9000244140625,734.5999755859375,736.5999755859375,174025,753.958528528846,750.3797155691589,45.06316985101604,27.769171229740394,789.0,115562.6,True,False,False,True,1,-0.06641321218512353
2025-09-29,739.9500122070312,740.6500244140625,701.7000122070312,710.0999755859375,571467,749.7815234866642,748.800117922758,38.746700460373624,28.567802728118313,789.0,118935.05,True,False,False,True,1,-0.10000003094304499
2025-09-30,722.0,722.1500244140625,690.0,696.6500244140625,185324,744.721380717845,746.7550162165346,35.989384146917686,28.823675705685755,789.0,142552.9,False,False,False,True,1,-0.11704686386050378
2025-10-01,701.0,726.7999877929688,698.0,722.4500122070312,138107,742.6002980025295,745.8018788043972,44.193308007139954,28.91841053948722,789.0,145353.8,False,False,False,False,0,-0.0843472595601632
2025-10-03,722.4500122070312,729.0,713.0,723.5999755859375,56775,740.7907434866636,744.931215933085,44.534533506977404,27.995666929523846,789.0,150430.35,False,False,False,False,0,-0.0828897647833492
2025-10-06,725.4000244140625,728.9000244140625,715.0499877929688,719.3499755859375,50425,738.7487655913563,743.9280300371184,43.47650010737366,26.985264764635982,789.0,150217.7,False,False,False,False,0,-0.08827633005584601
2025-10-07,724.9500122070312,725.0,705.6500244140625,707.5499877929688,73266,735.7774534200813,742.501440145191,40.5929320673713,26.43988696615752,789.0,151133.9,False,False,False,False,0,-0.10323195463502055
2025-10-08,715.7999877929688,721.0,707.0499877929688,709.0,76911,733.2272197610259,741.1876581787129,41.10981634248831,25.547753054791357,789.0,151124.85,False,False,False,False,0,-0.10139416983523453
2025-10-09,715.5999755859375,715.5999755859375,699.8499755859375,706.25,83908,730.6579607361664,739.8175539364105,40.39202770960913,24.84791355087769,789.0,147884.0,False,False,False,False,0,-0.10487959442332062
2025-10-10,708.25,713.0,702.5,710.75,33546,728.761964475579,738.6776498604728,42.171365810259005,23.823062582957853,789.0,148862.75,False,False,False,False,0,-0.09917617237008869
2025-10-13,713.0,714.2999877929688,702.6500244140625,703.3499755859375,31567,726.3417750575179,737.2922508693146,40.05395624322071,22.95355549695417,789.0,149266.7,False,False,False,False,0,-0.10855516402289289
2025-10-14,711.0,711.0499877929688,688.0,695.4500122070312,104935,723.3997024050907,735.6513787649112,37.868025138781235,22.960443518098067,789.0,146631.6,False,False,False,False,0,-0.1185677918795548
2025-10-15,698.5999755859375,712.25,691.0,707.0499877929688,38491,721.8425867277458,734.529755589541,42.80400470398884,22.838268981091062,789.0,145536.6,False,False,False,False,0,-0.10386566819649079
2025-10-16,707.0499877929688,715.0,696.0,712.7999877929688,100845,720.9813868291957,733.6776078328127,45.13092386517635,22.56410691101313,789.0,141161.85,False,False,False,False,0,-0.09657796223958337
2025-10-17,715.0,744.4500122070312,711.5,730.0999755859375,312541,721.8498238536473,733.5373085290137,51.52133709706717,23.30595728930014,789.0,142651.0,False,False,True,True,2,-0.07465148848423642
2025-10-20,738.4000244140625,775.0,727.8499755859375,764.9500122070312,317990,725.9546036968268,734.769179261485,61.29954903062279,25.00910494106888,789.0,155523.1,False,False,True,True,2,-0.030481606835194852
2025-10-21,771.9500122070312,775.0,761.0,765.9500122070312,57589,729.7636902216082,735.9919570240555,61.53927096293638,24.222740302421105,789.0,164120.95,False,False,True,False,1,-0.029214179712254484
2025-10-23,775.0,775.0,746.2000122070312,752.25,99603,731.9052435338359,736.6295273368377,56.386155580940226,24.549686551745936,789.0,157356.35,False,False,True,False,1,-0.04657794676806082
2025-10-24,754.9500122070312,762.75,746.5999755859375,748.5999755859375,45762,733.4952180149885,737.0989566799396,55.063220220815786,23.949710684768547,789.0,156090.85,False,False,True,False,1,-0.05120408670983845
2025-10-27,755.0,755.0,740.0,743.4000244140625,28644,734.4385329101384,737.3460573753955,53.15003135808924,23.31044563585651,789.0,151883.9,False,False,True,False,1,-0.05779464586303862
2025-10-28,737.0,752.7999877929688,736.3499755859375,746.0999755859375,39063,735.5491464983097,737.6893482856129,54.04290526558631,22.820414676654703,775.0,129086.05,False,False,True,False,1,-0.03729035408266124
2025-10-29,746.0999755859375,747.5999755859375,738.0999755859375,739.8499755859375,25295,735.95874926856,737.7740787679787,51.59175509016435,21.86895648546508,775.0,122337.95,False,False,True,False,1,-0.0453548702116936
2025-10-30,735.0,743.9500122070312,733.0,736.7999877929688,31665,736.0388672232656,737.7358791219,50.39064202503536,21.089031894148377,775.0,95029.35,False,False,True,False,1,-0.049290338331653194
2025-10-31,735.0,749.0,733.75,738.9000244140625,23403,736.3113583842938,737.7815318784553,51.23251658115735,20.671958187423495,775.0,87346.4,False,False,True,False,1,-0.04658061365927424
2025-11-03,744.9000244140625,747.7999877929688,727.2000122070312,744.0499877929688,41204,737.0483707089296,738.0273536790245,53.324391542004996,20.66681657303164,775.0,81611.2,False,False,True,False,1,-0.039935499621975845
2025-11-04,744.0,748.0,733.0499877929688,737.9000244140625,62414,737.1294805856089,738.0223603745162,50.5365746143074,20.258473404031612,775.0,80832.65,False,False,True,False,1,-0.04787093623991934
2025-11-06,729.0999755859375,744.4000244140625,720.0999755859375,723.0499877929688,53283,735.7885765101195,737.4352085085733,44.48839403721671,20.547157362895426,775.0,81432.1,False,False,False,False,0,-0.06703227381552423
2025-11-07,713.0,723.0,710.0499877929688,720.7000122070312,30587,734.3515703860159,736.7789263006697,43.599156989034704,20.00807469411718,775.0,80432.95,False,False,False,False,0,-0.07006450037802414
2025-11-10,729.0,729.0,710.9500122070312,720.2000122070312,22316,733.0038029403983,736.1287728068015,43.40038474687753,19.86821134403515,775.0,78116.75,False,False,False,False,0,-0.0707096616683468
2025-11-11,728.0,728.0,708.0,716.4500122070312,27723,731.4272514419824,735.3570567048498,41.85899526496203,19.87762481946121,775.0,75037.15,False,False,False,False,0,-0.07554837134576609
2025-11-12,712.0499877929688,728.0,712.0499877929688,723.75,29688,730.6960846379841,734.901878010542,45.88791511950514,19.5970810614305,775.0,74746.0,False,False,False,False,0,-0.06612903225806455
2025-11-13,733.0,758.0,728.0,749.2999877929688,147504,732.4678849384588,735.4665097667156,57.09448004455569,20.64371812847118,775.0,74652.05,False,False,True,True,2,-0.03316130607358869
2025-11-14,748.0499877929688,759.2000122070312,732.2000122070312,748.25,110169,733.9709435157486,735.9678231091974,56.57593295011628,21.097738262151807,775.0,76780.5,False,False,True,True,2,-0.03451612903225809
2025-11-17,760.0,765.0,740.75,753.25,62628,735.8070441332964,736.6455555362877,58.50845359453704,21.32289981485525,775.0,80364.4,False,False,True,False,1,-0.02806451612903227
2025-11-18,754.7999877929688,754.8499755859375,733.7999877929688,738.9500122070312,29629,736.1063744260331,736.7359263861208,51.45543190843651,21.303406099006217,775.0,78453.55,False,False,True,False,1,-0.04651611328125005
2025-11-19,745.0,749.0,728.0,730.0499877929688,32840,735.5295756990746,736.4737327158011,47.60877197810871,21.28173423479149,775.0,64307.95,False,False,False,False,0,-0.058000015751008105
2025-11-20,727.0499877929688,735.3499755859375,722.0999755859375,724.75,25512,734.5029494420198,736.0139784916521,45.43070899156031,20.708038932306387,775.0,50050.45,False,False,False,False,0,-0.06483870967741934
2025-11-21,724.75,728.0499877929688,715.1500244140625,719.6500244140625,35007,733.0883851536429,735.3722548023349,43.37437074214661,20.150319249920663,775.0,48446.6,False,False,False,False,0,-0.07141932333669354
2025-11-24,716.0,719.9500122070312,698.7999877929688,701.6500244140625,37038,730.0942555593972,734.0498143949517,37.00752694971736,20.22172676164508,765.0,45216.8,False,False,False,False,0,-0.08281042560253271
2025-11-25,709.9500122070312,732.0,706.0,727.7999877929688,50329,729.8757538673565,733.8047231556583,48.77220250710058,20.945173106237394,765.0,44780.6,False,False,False,True,1,-0.048627466937295805
2025-11-26,728.0,748.0,726.0,742.0999755859375,90804,731.0399654596023,734.130027172532,53.848282197200724,21.020517884363297,765.0,45864.85,False,False,True,True,2,-0.02993467243668302
2025-11-27,735.0,743.4500122070312,733.0,739.9500122070312,43939,731.8885413403099,734.3582618797673,52.998001500521255,20.265481764553865,765.0,48451.9,False,False,True,False,1,-0.03274508208231208
2025-11-28,739.9500122070312,740.5499877929688,725.0,728.1500244140625,30582,731.5324921092388,734.1148015869945,48.47388792141042,19.9286607665835,765.0,49384.1,False,False,False,False,0,-0.04816990272671573
2025-12-01,728.0499877929688,733.9500122070312,713.75,718.2000122070312,36811,730.2627321185523,733.490692199545,44.986628981467504,19.948043012329773,765.0,49329.95,False,False,False,False,0,-0.0611764546313317
2025-12-02,718.2000122070312,729.7000122070312,713.9500122070312,726.5499877929688,18179,729.9091374208776,733.2185077130127,48.34504581530335,19.64818279716336,765.0,50000.35,False,False,False,False,0,-0.050261453865400374
2025-12-03,717.7999877929688,728.9000244140625,710.0,714.2999877929688,32575,728.4225517420292,732.4766049710503,44.092342559945706,19.59474291265616,765.0,48849.1,False,False,False,False,0,-0.06627452576082515
2025-12-04,715.2000122070312,727.0,710.0,720.5999755859375,22719,727.677544489068,732.0108547990851,46.689590580721394,19.409404133180722,765.0,47357.15,False,False,False,False,0,-0.05803924760008172
2025-12-05,728.4500122070312,741.1500244140625,712.7999877929688,727.7000122070312,56228,727.6796842717313,731.8418021484164,49.534957859768824,20.048020739460224,765.0,45828.95,False,False,False,True,1,-0.04875815397773697
2025-12-08,727.9000244140625,740.0,708.0,713.5499877929688,70096,726.3339988928016,731.1244760952617,44.443776648471676,20.901733543784495,765.0,47111.0,False,False,False,True,1,-0.0672549179176879
2025-12-09,711.0,718.9000244140625,699.5999755859375,707.5999755859375,76576,724.5498061969098,730.2019466635236,42.46723446186933,20.78732749266596,765.0,49500.0,False,False,False,True,1,-0.07503271165236924
2025-12-10,705.8499755859375,720.9500122070312,703.5499877929688,709.8499755859375,106306,723.1498223291982,729.4038301506771,43.49067958542241,20.545377272765712,765.0,51942.65,False,False,False,True,1,-0.07209153518178102
2025-12-11,710.9000244140625,714.4000244140625,705.0,707.7999877929688,16952,721.6879333257477,728.5566206464533,42.74460193959866,19.749280640001196,765.0,55773.55,False,False,False,False,0,-0.07477125778696891
2025-12-12,707.0,718.4500122070312,702.5999755859375,709.25,60164,720.5033682471051,727.799498268161,43.48313671673513,19.470763210079234,765.0,49245.95,False,False,False,True,1,-0.07287581699346402
2025-12-15,709.25,717.4000244140625,706.7999877929688,711.9500122070312,21285,719.6887629099552,727.1779497951756,44.90815546538035,18.837139882294558,765.0,46745.7,False,False,False,False,0,-0.06934638927185455
2025-12-16,707.0,719.7999877929688,705.6500244140625,714.9000244140625,19671,719.232692577013,726.696462525328,46.49551563906645,18.502341560623965,754.8499755859375,44678.55,False,False,False,False,0,-0.052924359096474305
2025-12-17,720.0,720.0,702.5999755859375,705.5999755859375,17799,717.934338577863,725.8691493120186,42.352528293016825,18.42360462158386,749.0,44180.65,False,False,False,False,0,-0.05794395782918893
2025-12-18,714.0,714.0,698.0,707.9500122070312,25308,716.9834503520694,725.1664380529995,43.71727403104992,18.25049000575644,748.0,43428.6,False,False,False,False,0,-0.05354276442910255
2025-12-19,707.9500122070312,711.2000122070312,690.0,695.75,180367,714.9612169852057,724.0128522469995,38.607377538837376,18.461170162990356,748.0,43418.4,False,False,False,True,1,-0.06985294117647056
2025-12-22,699.0,709.0,698.0999755859375,705.9500122070312,18210,714.1030070063321,723.3045055787655,44.45317030635696,18.08894372277676,748.0,50686.4,False,False,False,False,0,-0.05621656122054641
2025-12-23,701.0,718.0,701.0,713.25,35033,714.0217682438242,722.9102112423434,48.250998633940526,18.01116202829271,748.0,49745.0,False,False,False,False,0,-0.046457219251336945
2025-12-24,716.0,732.9500122070312,705.0,719.5,273179,714.5435046015552,722.7764774681339,51.319814587287524,18.721079898202607,748.0,48980.2,False,False,True,True,2,-0.03810160427807485
2025-12-26,727.0,728.5999755859375,717.0,720.4500122070312,147075,715.10602913541,722.6852435363259,51.787829194542525,18.212429590183675,743.4500122070312,58098.95,False,False,True,True,2,-0.030936847968730863
2025-12-29,716.75,726.9500122070312,709.2000122070312,720.0999755859375,170233,715.5816430830793,722.5838604794478,51.59101778998354,18.179398905170554,741.1500244140625,63255.75,False,False,True,True,2,-0.02840187294706864
2025-12-30,713.0,746.25,713.0,739.5999755859375,150754,717.8691033214467,723.2511591110749,60.57889548329503,19.255870411944088,741.1500244140625,70238.3,False,False,True,True,2,-0.0020914103448225196
2025-12-31,735.6500244140625,767.5999755859375,730.0,762.9000244140625,207091,722.1577624731243,724.8060165739372,68.18086995546929,20.5661636386579,746.25,75935.45,False,True,True,True,2,0.022311590504606293
2026-01-01,767.0,767.0,741.0,744.5499877929688,24839,724.2903553607285,725.5802899550757,58.597059250451835,20.954294807325194,767.5999755859375,85381.05,False,False,True,False,1,-0.030028645813040655
2026-01-02,744.0,758.0,729.0999755859375,748.1500244140625,104559,726.5627047943794,726.4653775809184,59.79118918240941,21.521846922092145,767.5999755859375,84994.25,True,False,True,True,2,-0.02533865527682977
2026-01-05,748.1500244140625,766.0,747.5,763.25,104887,730.0567329092004,727.9079117934314,64.42576484574485,21.30600071337128,767.5999755859375,89086.25,True,False,True,True,2,-0.005666982444361035
2026-01-06,765.0,777.2999877929688,747.2999877929688,769.0999755859375,256334,733.7751369736516,729.5232868441179,66.05802130614107,21.927000662416187,767.5999755859375,91519.2,True,True,True,True,2,0.0019541428448521803
2026-01-07,771.0,777.0,758.0,760.0499877929688,155595,736.2775037183485,730.7204123715238,61.367010685141125,21.717929186529318,777.2999877929688,100831.1,True,False,True,True,2,-0.022192204130838666
2026-01-08,760.0999755859375,763.5999755859375,741.0999755859375,743.4500122070312,56545,736.9605997648897,731.2196123650731,53.81765686611355,21.77379138749151,777.2999877929688,104782.05,True,False,True,False,1,-0.04354814887113223
2026-01-09,747.7000122070312,758.5,735.0,749.0999755859375,72405,738.1167307954657,731.9208030796169,55.81025260669001,21.897092002670686,777.2999877929688,102294.0,True,False,True,False,1,-0.036279445066120686
2026-01-12,736.0,749.9500122070312,723.6500244140625,745.75,107501,738.8437088149452,732.4631245274751,54.31389674694086,22.21158455912055,777.2999877929688,105066.65,True,False,True,True,2,-0.04058920402475552
2026-01-13,742.75,768.0,739.5999755859375,760.5,72175,740.9062127373314,733.5626098401232,59.466956484648584,22.653615977330688,777.2999877929688,107433.5,True,False,True,False,1,-0.021613261362154246
2026-01-14,759.0,775.0,748.5999755859375,770.9500122070312,77341,743.767526972541,735.0287824819627,62.67874377073997,22.92121657995439,777.2999877929688,109978.0,True,False,True,False,1,-0.008169272720519816
2026-01-15,770.9500122070312,770.9500122070312,770.9500122070312,770.9500122070312,0,746.3563350901115,736.4374581574556,62.67874377073997,21.283986824243364,777.2999877929688,112861.5,True,False,True,False,1,-0.008169272720519816
2026-01-16,771.0,771.0,750.25,763.0,64903,747.9414460339104,737.4791264650063,58.58302862414871,21.245844908225983,777.2999877929688,111971.55,True,False,True,False,1,-0.018396999893916743
2026-01-19,763.0,765.0,743.3499755859375,758.0499877929688,63075,748.9041642966779,738.2858269092402,56.1239042553681,21.27471487292859,777.2999877929688,113951.3,True,False,True,False,1,-0.02476521330542869
2026-01-20,762.4000244140625,762.4000244140625,719.8499755859375,730.4000244140625,131679,747.1418652602383,737.9765797525666,44.80908287510557,22.794381584014047,777.2999877929688,108086.7,True,False,False,True,1,-0.06033701803093028
2026-01-21,727.0499877929688,739.5,714.0999755859375,736.7999877929688,64575,746.1569245490698,737.930438891406,47.44991539157958,22.98049892901751,777.2999877929688,113760.15,True,False,False,False,0,-0.052103435785447405
2026-01-22,755.0,755.0,731.5999755859375,738.0999755859375,46247,745.3895960763905,737.9370873892308,47.99425636717765,23.010465035092153,777.2999877929688,115237.25,True,False,False,False,0,-0.05043099552636565
2026-01-23,739.9500122070312,741.2000122070312,717.0,723.4500122070312,16764,743.3001118983562,737.3689667938504,42.634547347581886,23.095432690230663,777.2999877929688,103890.65,True,False,False,False,0,-0.06927824061703225
2026-01-27,723.4500122070312,751.1500244140625,703.0999755859375,737.2000122070312,317577,742.7191500229919,737.3623411237792,48.452984083819615,24.87790527150883,777.2999877929688,97375.1,True,False,False,True,1,-0.05158880254172604
2026-01-28,750.0,751.3499755859375,731.9000244140625,744.6500244140625,35210,742.9030428221415,737.6481326253589,51.33321631891423,24.49019426439213,777.2999877929688,104742.3,True,False,True,False,1,-0.04200432766197659
2026-01-29,741.0,749.0,730.0999755859375,744.9000244140625,41996,743.0932315451817,737.9325205386414,51.43128904845167,24.090896417940016,777.2999877929688,98965.1,True,False,True,False,1,-0.041682701515152853
2026-01-30,730.2999877929688,750.4000244140625,730.0499877929688,746.0499877929688,110621,743.3748273783042,738.2508525878308,51.91133960928963,23.823692146736715,777.2999877929688,90710.35,True,False,True,True,2,-0.040203268352968724
2026-02-02,739.8499755859375,768.2999877929688,712.6500244140625,757.0499877929688,96617,744.6772236082722,738.9880735762675,56.3551615865833,26.096997234748827,777.2999877929688,94999.45,True,False,True,True,2,-0.026051717892723758
2026-02-03,790.0,793.9500122070312,751.0,769.2000122070312,217207,747.0127272843445,740.1728554833563,60.67754910985222,27.300784018483284,777.2999877929688,94602.35,True,False,True,True,2,-0.0104206557482861
2026-02-04,780.0,787.5,743.0,772.2000122070312,309586,749.4115163246004,741.4288224136965,61.686503164379694,28.529299445734477,793.9500122070312,100218.35,True,False,True,True,2,-0.02739467178738253
2026-02-05,778.0,790.0,769.5,779.1500244140625,88881,752.2437551902634,742.9080852372402,63.99157234981528,27.955778056753445,793.9500122070312,102880.95,True,False,True,False,1,-0.018640956691753918
2026-02-06,780.0,790.0,766.0,776.8499755859375,185390,754.5872047517562,744.2391397607186,62.648258936210965,27.673222481271058,793.9500122070312,99545.25,True,False,True,True,2,-0.02153792601319937
2026-02-09,788.8499755859375,788.8499755859375,768.5999755859375,778.5499877929688,150776,756.869374565205,745.5846632129637,63.262117554527435,27.142992304037413,793.9500122070312,105987.5,True,False,True,True,2,-0.01939671790073194
2026-02-10,786.0,788.0,763.5999755859375,774.0499877929688,97328,758.5056234440397,746.7009504513953,60.43097171082907,26.947066026182064,793.9500122070312,109906.05,True,False,True,False,1,-0.025064581029155986
2026-02-11,770.2999877929688,778.2000122070312,770.2999877929688,774.0499877929688,21847,759.9860390963186,747.7734617196924,60.43097171082908,25.58656305388781,793.9500122070312,109397.4,True,False,True,False,1,-0.025064581029155986
2026-02-12,780.0,780.0,762.0,767.0499877929688,30981,760.6587961150472,748.5294039186443,55.91643792189285,25.044665692895826,793.9500122070312,106881.0,True,False,True,False,1,-0.03388125700670441
2026-02-13,768.0,768.0,740.0999755859375,748.4500122070312,73127,759.4960547904743,748.526290518189,46.06829230525993,25.248619887264876,793.9500122070312,104563.0,True,False,False,False,0,-0.05730839385406472
2026-02-16,756.5,756.5,730.5999755859375,737.0499877929688,36045,757.3583341240452,748.0762394309254,41.27058569038084,25.295148782036136,793.9500122070312,108219.35,True,False,False,False,0,-0.07166701119619756
2026-02-17,730.2000122070312,737.2999877929688,726.5499877929688,732.0999755859375,30039,754.9527761680349,747.4497192801416,39.354095165521265,24.25620958331927,793.9500122070312,106776.45,True,False,False,False,0,-0.07790167601252673
2026-02-18,740.0,740.0,722.0,727.9500122070312,33730,752.3810843622251,746.6850248851177,37.77050948836229,23.809337470225035,793.9500122070312,105124.65,True,False,False,False,0,-0.08312865921688506
2026-02-19,729.75,730.5,716.0499877929688,721.2999877929688,22477,749.4209799270578,745.6895332344452,35.31799631255515,23.140814237139764,793.9500122070312,100227.2,True,False,False,False,0,-0.09150453214568144
2026-02-20,721.2999877929688,724.9000244140625,706.0,707.5499877929688,77217,745.4332663904779,744.19386478576,30.856600765630887,22.837900678348532,793.9500122070312,98122.3,True,False,False,False,0,-0.10882300281586588
2026-02-23,719.4000244140625,719.4000244140625,698.4500122070312,700.4000244140625,96099,741.1443862022478,742.4764592809875,28.81803450460825,22.70305150182587,793.9500122070312,99670.8,False,False,False,False,0,-0.11782856143917353
2026-02-24,703.9500122070312,719.0,681.0,713.7999877929688,156674,738.5401577823164,741.3518917716534,37.192766067644975,23.79569068026688,793.9500122070312,103637.55,False,False,False,True,1,-0.10095097069305481
2026-02-25,717.9500122070312,719.6500244140625,697.8499755859375,710.0,66897,735.8220475173339,740.1224058198239,35.90275920855996,23.653144833685317,793.9500122070312,95592.4,False,False,False,False,0,-0.1057371508486612
2026-02-26,706.5,712.9000244140625,701.0,703.7000122070312,28365,732.7628060592099,738.6940766585379,33.80908479584758,22.813636232283688,793.9500122070312,97176.75,False,False,False,False,0,-0.11367214385339197
2026-02-27,701.0,702.5,692.0,694.7000122070312,39349,729.137778073288,736.9688192290671,31.02559917926763,22.019805944765658,793.9500122070312,96495.2,False,False,False,False,0,-0.12500787011023995
2026-03-02,680.0,724.4000244140625,673.0,711.4000244140625,382956,727.4484682009809,735.9661213931846,40.770021623638634,24.11839297828686,793.9500122070312,92931.6,False,False,False,True,1,-0.103973784903026
2026-03-04,707.0,708.75,692.25,704.5999755859375,51638,725.2724212852625,734.7360764595671,38.39162341108139,23.76350950941369,793.9500122070312,107248.55,False,False,False,False,0,-0.11253861735289539
2026-03-05,717.0,717.0,695.0499877929688,699.75,24166,722.8417144961899,733.3640734611528,36.745145879641996,23.633973987814947,790.0,98970.1,False,False,False,False,0,-0.11424050632911398
2026-03-06,696.0,704.9500122070312,692.7000122070312,694.7000122070312,19838,720.1615523734129,731.8478357649127,35.05915124274482,22.820832988685307,790.0,84699.1,False,False,False,False,0,-0.12063289594046678
2026-03-09,692.0999755859375,692.0999755859375,675.4000244140625,682.25,51548,716.5509283378498,729.9028225976613,31.25201538689393,22.569344046134127,790.0,81246.95,False,False,False,False,0,-0.1363924050632911
2026-03-10,697.4000244140625,704.9500122070312,661.75,681.2000122070312,175699,713.184174420629,727.9929084646955,30.946796202255328,24.04296320048392,788.8499755859375,74554.85,False,False,False,True,1,-0.13646443140084608
2026-03-11,681.4000244140625,685.0999755859375,666.0,670.9000244140625,109383,709.1571125152417,725.7539718352589,28.052502790983866,23.689892656587748,788.0,75801.0,False,False,False,True,1,-0.14860402993139277
2026-03-12,662.7000122070312,672.5,656.5999755859375,665.7000122070312,45645,705.0183410573169,723.3989145949363,26.695094016284756,23.133473496407372,780.0,76403.75,False,False,False,False,0,-0.14653844588842146
2026-03-13,670.9500122070312,670.9500122070312,637.7000122070312,649.0499877929688,107311,699.6880216988076,720.4832704066238,22.87785362997569,23.856082532378274,780.0,77593.65,False,False,False,True,1,-0.16788463103465545
2026-03-16,655.0999755859375,655.0999755859375,626.0,646.5,44390,694.6224958227307,717.5819656847955,22.350723842899285,24.230646321918222,768.0,81410.15,False,False,False,False,0,-0.158203125
2026-03-17,655.0,659.0,634.5499877929688,645.0,52069,689.8965438396135,714.7356140893132,22.029181272932334,24.24631531371201,756.5,79973.3,False,False,False,False,0,-0.14738929279576996
2026-03-18,650.0,677.7000122070312,647.0499877929688,667.2000122070312,79365,687.7349693984152,712.8714728390278,36.57270690938306,24.850150806091957,740.0,80774.5,False,False,False,False,0,-0.09837836188239024
2026-03-19,650.0,664.5,649.5,656.5999755859375,20571,684.769731892465,710.6647474565536,33.37191412437738,24.339426620444765,740.0,83240.8,False,False,False,False,0,-0.11270273569467903
2026-03-20,656.5999755859375,662.0499877929688,635.9000244140625,641.4000244140625,87261,680.6392835611886,707.9484838078286,29.398650674740793,24.468750674620587,730.5,82582.85,False,False,False,True,1,-0.12197121914570497
2026-03-23,632.0,638.75,610.2000122070312,622.9500122070312,87901,675.1450672417451,704.6152104117189,25.43940585456039,24.94955506979278,724.9000244140625,85822.05,False,False,False,True,1,-0.14064010039099883
2026-03-24,627.8499755859375,644.4000244140625,613.6500244140625,627.2000122070312,125265,670.5788715241532,701.5793202860449,27.849861175562737,25.36387256480758,724.4000244140625,86356.25,False,False,False,True,1,-0.13418002337265567
2026-03-25,638.7999877929688,639.5,620.75,626.2000122070312,96369,666.3523134939511,698.6232689888287,27.6235712064216,24.891453095892754,724.4000244140625,87814.55,False,False,False,True,1,-0.1355604761146456
2026-03-27,625.0,625.0,577.25,585.9500122070312,489483,658.6949514666254,694.2047098993465,20.428570825704895,26.609921603831218,724.4000244140625,84799.3,False,False,False,True,1,-0.19112369897974224
2026-03-30,586.0,598.0,542.5999755859375,548.9000244140625,193606,648.2382917473337,688.5064869391393,16.236333744860303,28.66635751884774,724.4000244140625,105928.6,False,False,False,True,1,-0.24226945621924123
2026-04-01,568.7999877929688,586.9500122070312,555.25,577.2000122070312,81933,641.472741314924,684.1415271457233,28.334054309189213,29.336616824142098,724.4000244140625,114190.65,False,False,False,False,0,-0.20320266047215463
2026-04-02,565.0,581.75,548.4000244140625,574.25,96210,635.0705754754074,679.8320554929498,27.881996487968635,29.623285307127485,724.4000244140625,116319.85,False,False,False,False,0,-0.2072750129122548
2026-04-06,574.25,574.25,551.0,567.4500122070312,91002,628.6305218308001,675.4249165405608,26.81978837166153,29.168050642332666,717.0,101982.55,False,False,False,False,0,-0.20857738883259236
2026-04-07,581.5,582.4000244140625,556.0,574.2000122070312,77246,623.4466637713936,671.4553124490499,29.68346219457939,28.97033448317051,717.0,103950.75,False,False,False,False,0,-0.19916316289116975
2026-04-08,594.0,604.9000244140625,577.8499755859375,601.7999877929688,174640,621.3850755829721,668.723731089988,40.01900241788638,29.09388289201771,704.9500122070312,106604.75,False,False,False,True,1,-0.14632246631378054
2026-04-09,591.0,609.4000244140625,586.4000244140625,597.75,162194,619.1341160036415,665.9404475178317,39.11055584618259,28.658605542587875,704.9500122070312,114344.85,False,False,False,True,1,-0.15206753720226696
2026-04-10,609.0,613.0,597.5,608.5,62472,618.1213430509138,663.6878809485049,42.820865389562776,27.71870514668874,704.9500122070312,119877.15,False,False,False,False,0,-0.1368182290047335
2026-04-13,592.0,602.9000244140625,583.0,600.2999877929688,45408,616.4240711215856,661.2020812169153,40.77958951922,27.56022620763955,685.0999755859375,114215.8,False,False,False,False,0,-0.12377753731554708
2026-04-15,607.0,622.9000244140625,606.9000244140625,619.5499877929688,57894,616.7217774712411,659.5686657885252,47.149015066719556,27.205926951457705,677.7000122070312,111017.05,False,False,False,False,0,-0.08580496291373563
2026-04-16,620.5,622.9000244140625,606.0,609.9000244140625,41438,616.0720867038908,657.6208759307032,44.561582318695706,26.469791055929477,677.7000122070312,111629.5,False,False,False,False,0,-0.1000442475604626
2026-04-17,618.0,622.4000244140625,607.4000244140625,617.5499877929688,38916,616.212839188565,656.0494685527528,47.04266338732972,25.65052026622023,677.7000122070312,108335.85,False,False,False,False,0,-0.08875612119022247
2026-04-20,615.0,615.9500122070312,605.0499877929688,606.9500122070312,17780,615.3306651903238,654.1239996764501,44.09772313953587,24.711197390061642,677.7000122070312,108062.15,False,False,False,False,0,-0.10439722403072127
2026-04-21,609.5,620.5999755859375,603.2000122070312,615.7999877929688,44817,615.3753625810518,652.6210972496469,47.076610797251554,24.18896638926483,677.7000122070312,106347.7,False,False,False,False,0,-0.09133838468214839
2026-04-22,613.3499755859375,624.0,613.3499755859375,621.7000122070312,34110,615.9777101644784,651.4085056793483,49.026740310460546,23.221899105321807,664.5,104620.3,False,False,False,False,0,-0.06440931195330135
2026-04-23,619.0,624.0,609.0499877929688,621.25,27064,616.4798330059566,650.225819182119,48.87879830695981,22.631050041158197,662.0499877929688,105297.25,False,False,False,False,0,-0.06162674804810575
2026-04-24,622.0,623.75,594.9500122070312,598.0999755859375,48349,614.7293703945262,648.181668452857,41.87788003754538,23.07168845200181,644.4000244140625,102287.4,False,False,False,False,0,-0.07184985579450365
2026-04-27,598.1500244140625,630.0,595.3499755859375,613.1500244140625,49699,614.5789564916249,646.8078784905514,47.17505901628341,23.89871244929186,644.4000244140625,100309.8,False,False,False,False,0,-0.04849472193675797
2026-04-28,620.5,632.0,609.9500122070312,621.0499877929688,63867,615.195245186991,645.7977651298619,49.763251521832764,23.766660688125928,639.5,96531.5,False,False,False,False,0,-0.028850683670103572
2026-04-29,630.0,634.9500122070312,617.0,630.5,64404,616.652840883468,645.1978527718281,52.74581571861868,23.351185796619166,632.0,94906.4,False,False,True,False,1,-0.002373417721519
2026-04-30,620.0,628.9000244140625,616.0999755859375,619.7000122070312,24996,616.9430476761883,644.1979374555616,49.154087285710986,22.711817126436546,634.9500122070312,73652.45,False,False,False,False,0,-0.024017638722444223
2026-05-01,619.7000122070312,619.7000122070312,619.7000122070312,619.7000122070312,0,617.2056157267448,643.2372345046389,49.154087285710986,21.089544474548223,634.9500122070312,65221.95,False,False,False,False,0,-0.024017638722444223
2026-05-04,619.0,625.9500122070312,616.0,619.2999877929688,18685,617.4050797330518,642.2985189473185,49.01072358805522,20.293863598297012,634.9500122070312,61125.3,False,False,False,False,0,-0.024647648024549773
2026-05-05,618.5999755859375,628.0,616.0999755859375,625.5499877929688,86700,618.1807852625677,641.6417138040107,51.395953192054115,19.694303656565978,634.9500122070312,57249.05,False,False,True,True,2,-0.014804353466171039
2026-05-06,634.0,643.9500122070312,621.9000244140625,635.7000122070312,139980,619.8492830668023,641.4087058982468,55.07168037941206,19.86256680916618,634.9500122070312,57033.95,False,True,True,True,2,0.0011811953470055592
2026-05-07,639.2000122070312,662.0999755859375,632.75,654.6500244140625,149774,623.163639385589,641.9279732910239,61.001551567541895,20.540238864649847,643.9500122070312,60170.65,False,True,True,True,2,0.016616215551202185
2026-05-08,654.6500244140625,682.0,648.5999755859375,673.7999877929688,111789,627.9861487577203,643.1778562126689,65.89964555174672,21.45879497532218,662.0999755859375,58927.35,False,True,True,True,2,0.017671065758123827
2026-05-11,690.0,690.0,660.8499755859375,672.4500122070312,47094,632.2208024195595,644.3257838987223,65.27722472330095,22.008168506660777,682.0,56407.1,False,False,True,False,1,-0.014002914652446852
2026-05-12,680.0,697.9000244140625,651.1500244140625,671.7999877929688,536213,635.9902486455985,645.403203659281,64.95907663427276,23.775442184756436,690.0,55638.2,False,False,True,True,2,-0.026376829285552517
2026-05-13,671.7999877929688,679.4500122070312,653.0,667.0499877929688,93102,638.9483190405862,646.2520971547198,62.559633524159366,23.96648290063321,697.9000244140625,80178.45,False,False,True,True,2,-0.044204091620421715
2026-05-14,683.0,688.75,642.4000244140625,667.6500244140625,95486,641.6818147904411,647.091231557047,62.74683214906045,25.565303806726373,697.9000244140625,81938.85,False,False,True,True,2,-0.043344317154017986
2026-05-15,665.0,665.0,646.5499877929688,653.2000122070312,31799,642.7787859729734,647.3307915825366,55.54441750170687,25.246356150609756,697.9000244140625,84641.25,False,False,True,False,1,-0.06404930597983594
2026-05-18,646.0,648.8499755859375,628.2000122070312,632.9500122070312,24003,641.842712280979,646.7668394501638,47.34308585027877,25.22875928270906,697.9000244140625,84285.4,False,False,False,False,0,-0.09306492324822813
2026-05-19,638.9500122070312,642.0,631.6500244140625,639.9000244140625,25589,641.6576943888917,646.4975525860029,50.06809114355835,24.16598901865395,697.9000244140625,84596.55,False,False,True,False,1,-0.08310645933662952
2026-05-20,641.7000122070312,641.7000122070312,625.0,628.2999877929688,18715,640.3855318559467,645.7839225941193,45.80716652922853,23.6327049606809,697.9000244140625,83635.15,False,False,False,False,0,-0.09972780367722156
2026-05-21,634.0,634.0,622.0,626.7999877929688,29977,639.0916705166154,645.0394545627016,45.2706585190186,22.801797463489407,697.9000244140625,82865.4,False,False,False,False,0,-0.10187710866006539
2026-05-22,626.7999877929688,627.4500122070312,618.2000122070312,619.75,20047,637.2496066578901,644.0477112465172,42.73710726802869,21.83381193038302,697.9000244140625,83011.05,False,False,False,False,0,-0.11197882458834285
2026-05-25,619.75,631.4500122070312,605.5499877929688,627.6500244140625,57433,636.3353607299066,643.404664704068,46.35977282812655,22.12425567921727,697.9000244140625,81595.95,False,False,False,False,0,-0.10065911669652106
2026-05-26,633.5499877929688,636.9500122070312,620.2000122070312,629.3499755859375,52129,635.6700859542905,642.8535004249256,47.13480106743766,21.740380273558895,697.9000244140625,81982.65,False,False,False,False,0,-0.09822330768031962
2026-05-27,619.0,649.0,619.0,634.2000122070312,45892,635.530078930742,642.5141479457925,49.3819189178074,22.33035311116183,697.9000244140625,81395.75,False,False,False,False,0,-0.0912738357625249
2026-05-28,634.2000122070312,634.2000122070312,634.2000122070312,634.2000122070312,0,635.4034059094362,642.1881034070176,49.3819189178074,20.735327888935988,697.9000244140625,80470.15,False,False,False,False,0,-0.0912738357625249
2026-05-29,630.0,643.9500122070312,609.4000244140625,621.75,48967,634.1030815371089,641.386609155762,43.834781200433014,21.722089310652617,697.9000244140625,79220.35,False,False,False,False,0,-0.10911308461121771
2026-06-01,628.0,642.2000122070312,628.0,636.8499755859375,26229,634.3646904941402,641.2087019569453,51.02102330643477,21.63122666039395,697.9000244140625,81668.7,False,False,True,False,1,-0.08747678276610027
2026-06-02,636.8499755859375,636.8499755859375,627.0,634.1500244140625,25668,634.3442461055614,640.9318910729107,49.79421246311866,20.789708726504205,697.9000244140625,82045.9,False,False,False,False,0,-0.09134546177086433
2026-06-03,627.0,648.0,627.0,641.5999755859375,46951,635.0352679608353,640.9580904655785,53.14226261396814,20.804729531753907,697.9000244140625,78994.3,False,False,True,False,1,-0.08067065032042797
2026-06-04,645.0,646.5999755859375,637.5,639.5999755859375,17791,635.4700020203688,640.9048310585338,52.137077366818694,19.968675678481308,697.9000244140625,74342.85,False,False,True,False,1,-0.08353639029755311
2026-06-05,645.8499755859375,649.0,632.2999877929688,640.9500122070312,46082,635.9919077524319,640.9066028682787,52.786271520112614,19.735199716234877,697.9000244140625,67743.7,False,False,True,False,1,-0.08160196333972747
2026-06-08,628.0499877929688,637.5499877929688,621.0,627.2000122070312,13005,635.1545843671556,640.3690895090141,45.950227046151284,19.750543465577476,697.9000244140625,64458.35,False,False,False,False,0,-0.10130392568246294
2026-06-09,634.0,634.0,618.7000122070312,625.9500122070312,24930,634.2779584471438,639.8036354971717,45.37493037376188,19.43264663181971,697.9000244140625,62753.9,False,False,False,False,0,-0.10309501316816616
2026-06-10,636.0,636.0,615.7999877929688,618.7999877929688,8094,632.803866003889,638.9799630381834,42.126026290750715,19.487458458620537,688.75,37189.75,False,False,False,False,0,-0.10156081627155178
2026-06-11,621.9000244140625,621.9000244140625,601.0,602.6500244140625,35698,629.9320715667627,637.5552595627278,35.87732611333354,19.588356026866393,688.75,32939.35,False,False,False,True,1,-0.12500903896324866
2026-06-12,611.7000122070312,624.0,611.3499755859375,619.5,34498,628.9385409413568,636.847210168111,45.037759811381164,19.714185995371473,665.0,29949.95,False,False,False,True,1,-0.06842105263157894
2026-06-15,635.9500122070312,657.0,624.5,653.5499877929688,242441,631.2824882605579,637.5022210553603,58.07257711726991,20.984601281416367,649.0,30084.9,False,True,True,True,2,0.007010767015360075
2026-06-16,660.0,682.0,653.6500244140625,662.2000122070312,248993,634.2270143506983,638.4707618848377,60.62717283216868,21.517844918960286,657.0,41006.8,False,True,True,True,2,0.007914782659103947
2026-06-17,665.4000244140625,682.7000122070312,655.6500244140625,661.6500244140625,24782,636.8387295948282,639.3797525722582,60.375287069950495,21.91299798138946,682.0,52177.0,False,False,True,False,1,-0.02983867387967376
2026-06-18,665.4500122070312,668.5499877929688,648.0999755859375,650.5499877929688,18648,638.1445637089369,639.8178010122862,55.37488226768708,21.80849899750673,682.7000122070312,52480.35,False,False,True,False,1,-0.04709246204658468
2026-06-19,659.5,659.5,643.0499877929688,647.1500244140625,13563,639.0022266332345,640.1053391849049,53.90227294764244,21.425749941044195,682.7000122070312,51913.9,False,False,True,False,1,-0.052072633890898556
2026-06-22,658.0,658.0,646.0,649.0,34946,639.9543955253074,640.4541494129479,54.609591839881354,20.75248208811247,682.7000122070312,51589.7,False,False,True,False,1,-0.04936284107874245
2026-06-23,650.25,653.2000122070312,634.0499877929688,645.1500244140625,20459,640.4492173242364,640.638301373776,52.79408586622007,20.63802082568033,682.7000122070312,50465.35,False,False,True,False,1,-0.05500217829435394
2026-06-24,645.7999877929688,649.9000244140625,633.5999755859375,638.4500122070312,7048,640.2588168368836,640.5524861123351,49.697617667075214,20.328165682997803,682.7000122070312,48881.85,False,False,False,False,0,-0.06481616992644934
2026-06-25,645.0,647.6500244140625,636.25,643.9000244140625,20133,640.6055985109007,640.6837621241675,52.15581678739126,19.690441306645283,682.7000122070312,46939.65,False,False,True,False,1,-0.05683314354651359
2026-06-26,643.9000244140625,643.9000244140625,643.9000244140625,643.9000244140625,0,640.9193533588209,640.8098900571047,52.15581678739126,18.283981213313478,682.7000122070312,47946.3,True,False,True,False,1,-0.05683314354651359
2026-06-29,655.0,655.0,621.0,628.7999877929688,18637,639.765128066835,640.3389134977268,45.077384151889675,19.406553983791085,682.7000122070312,45497.95,False,False,False,False,0,-0.07895125743416143
2026-06-30,628.0,642.0,624.0,627.6500244140625,14652,638.611308671333,639.8413100042497,44.581161681709766,19.306085842091722,682.7000122070312,45118.35,False,False,False,False,0,-0.08063569182458818
2026-07-01,637.8499755859375,637.9500122070312,627.0,628.8499755859375,14146,637.6816579012954,639.4102772819631,45.25833520392609,18.7092234395874,682.7000122070312,44567.55,False,False,False,False,0,-0.07887803670459514
2026-07-02,628.25,643.0,628.0499877929688,632.9500122070312,11817,637.2310249780321,639.1569335535344,47.61375678898173,18.440708351547677,682.7000122070312,42927.3,False,False,False,False,0,-0.0728724170359516
2026-07-03,632.9500122070312,639.9000244140625,629.0,633.2000122070312,15008,636.8471189998417,638.923328794848,47.76135446306806,17.902088070298735,682.7000122070312,42628.6,False,False,False,False,0,-0.07250622398551965
2026-07-06,649.9500122070312,649.9500122070312,627.0,632.4500122070312,9974,636.4283469243359,638.6694732423846,47.33052094673456,18.262654080065342,682.7000122070312,41074.9,False,False,False,False,0,-0.07360480313681539
2026-07-07,634.8499755859375,634.8499755859375,619.7999877929688,626.25,22586,635.4589805505896,638.1824350760165,43.81213686364811,18.0331779167013,682.7000122070312,40923.35,False,False,False,False,0,-0.082686408668047
2026-07-08,628.0499877929688,629.0,610.7000122070312,613.9000244140625,21357,633.4057466328251,637.2301836775085,37.78657284740595,18.05223576500612,682.7000122070312,40806.15,False,False,False,False,0,-0.1007763095983436
2026-07-09,624.9500122070312,633.7999877929688,616.25,620.5499877929688,50720,632.1813886480768,636.576058348703,42.38173933654294,18.18421630885613,682.7000122070312,41469.3,False,False,False,True,1,-0.0910356280984147
2026-07-10,635.0,638.2000122070312,618.4000244140625,624.2999877929688,16527,631.4307790428285,636.0946438171056,44.85527293630453,18.299628557721316,682.7000122070312,42220.4,False,False,False,False,0,-0.08554273234193599
2026-07-13,615.0,629.0499877929688,610.0,621.7999877929688,18480,630.513560828556,635.5340690710611,43.51411102851659,18.353225645953277,682.7000122070312,41321.85,False,False,False,False,0,-0.08920466284625517
2026-07-14,624.0499877929688,624.8499755859375,613.0,615.7999877929688,19167,629.1122681585001,634.7601835307438,40.39259621994722,17.88870778452358,682.7000122070312,30123.8,False,False,False,False,0,-0.09799329605662122
2026-07-15,623.9500122070312,624.0,612.7000122070312,617.0,14647,627.9587188100716,634.0637057452245,41.29957191560302,17.418084927983948,682.7000122070312,18632.5,False,False,False,False,0,-0.09623555153402796
2026-07-16,613.9500122070312,621.0,612.0,613.5,10677,626.5816979710171,633.2572859120784,39.41578122836231,16.816793147413666,668.5499877929688,18125.75,False,False,False,False,0,-0.08234236601319955
2026-07-17,616.0,625.7999877929688,607.9500122070312,622.1500244140625,26992,626.1596338227357,632.8217070298033,45.97451149148599,16.890591893022513,659.5,17727.2,False,False,False,True,1,-0.05663377647602352
2026-07-20,635.0,646.9000244140625,614.0,620.8499755859375,9448,625.6539520858978,632.352227365338,45.18281170845852,18.03412278738251,658.0,18398.65,False,False,False,False,0,-0.05645900366878798
2026-07-21,622.2000122070312,622.4500122070312,616.1500244140625,620.2999877929688,5820,625.1440507246665,631.8795905193626,44.831088717164924,17.19597028778153,655.0,17123.75,False,False,False,False,0,-0.05297711787333015
2026-07-22,617.2000122070312,620.9500122070312,614.5499877929688,615.25,7053,624.2017601794602,631.2274497146817,41.62686267196171,16.4248312968016,655.0,16391.8,False,False,False,False,0,-0.06068702290076333
2026-07-23,620.0499877929688,622.9500122070312,612.8499755859375,615.2999877929688,10411,623.3539723331277,630.6028433648106,41.67130373587387,15.973060248536754,655.0,16392.05,False,False,False,False,0,-0.0606107056595897
2026-07-24,610.0,623.8499755859375,601.2000122070312,617.75,14839,622.8202606823537,630.0988102916808,43.92467214928957,16.449981900706003,655.0,15905.95,False,False,False,False,0,-0.05687022900763361
2026-07-27,621.9000244140625,622.9000244140625,613.5999755859375,617.7999877929688,15381,622.3421394547933,629.6165035270255,43.972231252626074,15.939272395521646,655.0,16647.9,False,False,False,False,0,-0.05679391176645987
2026-07-28,620.0,622.0,615.5499877929688,619.25,7646,622.0476499829082,629.2099739769461,45.4183400082016,15.26146809634376,649.9500122070312,16485.1,False,False,False,False,0,-0.04723442054071725
2026-07-29,622.2999877929688,639.9000244140625,615.6500244140625,635.0499877929688,18222,623.2859678695806,629.4389941265941,58.10684540950407,15.903506089462065,649.9500122070312,16134.8,False,False,True,True,2,-0.02292487750475858
2026-07-30,635.0499877929688,635.5999755859375,626.75,632.1500244140625,14304,624.1301637309598,629.5453090398282,55.55414053415255,15.399682482067453,649.9500122070312,16338.6,False,False,True,False,1,-0.0273867027596868
2026-07-31,631.5,631.5,623.0499877929688,624.5999755859375,7538,624.1749077171481,629.3513743945775,49.461787684226984,14.94970777771219,649.9500122070312,16462.95,False,False,False,False,0,-0.039003055842729784
2026-08-03,634.0,634.0,616.0,622.25,18953,623.9915831726578,629.072889124202,47.708073680237916,15.16758579358989,649.9500122070312,16089.45,False,False,False,True,1,-0.04261868095512533
2026-08-04,630.0,630.0,622.7000122070312,626.7000122070312,20929,624.249528794979,628.9798351274502,51.2341165847521,14.637758236904899,646.9000244140625,16538.4,False,False,True,True,2,-0.031225864035679507
2026-08-05,626.7000122070312,626.7000122070312,609.7000122070312,621.2999877929688,43924,623.9686201281208,628.6786646437452,47.08500796445693,14.80648979141169,646.9000244140625,16455.55,False,False,False,True,1,-0.039573404938856305
2026-08-06,615.5999755859375,621.3499755859375,610.0,612.7999877929688,21866,622.9049408581064,628.0559714339108,41.401465003903915,14.559595919592107,646.9000244140625,17583.9,False,False,False,True,1,-0.0527129932511291
2026-08-07,616.0,618.4500122070312,590.2000122070312,599.9000244140625,33822,620.7139964348642,626.9518166488187,34.579500576451906,15.537481925335529,646.9000244140625,16141.2,False,False,False,True,1,-0.07265419419727304
2026-08-10,599.9000244140625,611.9500122070312,591.2000122070312,593.4500122070312,36666,618.1174265084039,625.6380203961996,31.761437950694884,15.90980464495442,646.9000244140625,17005.95,False,False,False,True,1,-0.08262484184545249
2026-08-11,599.2999877929688,601.9000244140625,593.0,596.75,19076,616.0824335076036,624.5051568512506,34.69383378026666,15.409106057033569,646.9000244140625,17915.25,False,False,False,True,1,-0.07752360878249542
2026-08-12,593.0,609.9500122070312,590.0999755859375,591.5,11394,613.7412493640223,623.210836974731,32.31467119633261,15.726315383037868,646.9000244140625,17910.7,False,False,False,False,0,-0.08563923685772268
2026-08-13,599.0,600.0,585.5999755859375,588.4500122070312,13179,611.3325601109756,621.8476673759977,30.985286059260446,15.631580313825342,646.9000244140625,17748.05,False,False,False,False,0,-0.09035401144090704
2026-08-14,586.0,600.6500244140625,579.0,582.9500122070312,44523,608.6294603105999,620.3222691340775,28.692963369153333,16.061469178127997,646.9000244140625,17873.15,False,False,False,True,1,-0.09885609799590711
2026-08-17,582.0999755859375,595.3499755859375,581.0,592.2000122070312,11822,607.0647509674029,619.2194355290953,37.11865896667946,15.939219635828675,646.9000244140625,18749.7,False,False,False,False,0,-0.0845571342443161
2026-08-18,590.0,595.4500122070312,580.2000122070312,585.7000122070312,11577,605.0300139426057,617.9049483399948,34.07197767188967,15.889989661840913,639.9000244140625,18868.4,False,False,False,False,0,-0.08470075033464886
2026-08-19,580.0,590.0,579.7999877929688,586.75,10101,603.2890602337861,616.683185659995,35.00009535032747,15.48356270078308,639.9000244140625,19156.25,False,False,False,False,0,-0.08305988808600284
2026-08-20,587.0,588.0,571.0,574.5,43014,600.5472449734254,615.0289430850933,29.739826417196028,15.591879650727146,639.9000244140625,19308.65,False,False,False,True,1,-0.10220350354564744
2026-08-21,570.0,577.5999755859375,556.5999755859375,564.1500244140625,66216,597.0808430153909,613.0336913725039,26.162157146850475,15.978173961389492,639.9000244140625,20938.8,False,False,False,True,1,-0.11837786702596553
2026-08-24,573.0499877929688,594.0,572.8499755859375,585.7000122070312,43291,595.9969543669757,611.9617823856227,41.84831130520145,16.969016934571492,639.9000244140625,23507.65,False,False,False,True,1,-0.08470075033464886
2026-08-25,585.7000122070312,610.0,574.75,594.0499877929688,60788,595.811528978975,611.2593590682637,46.5834847490102,18.274801439244957,639.9000244140625,24903.15,False,False,False,True,1,-0.07165187509264004
2026-08-26,598.6500244140625,598.6500244140625,587.75,594.5999755859375,17374,595.6961429415429,610.6060499120941,46.8902459143988,17.748031651731925,639.9000244140625,27560.25,False,False,False,False,0,-0.07079238490357131
2026-08-27,605.4500122070312,605.4500122070312,581.0,583.5,19764,594.5346055185388,609.5430675626003,41.68694915476756,18.22674454853902,635.5999755859375,27517.85,False,False,False,False,0,-0.08196975705971099
2026-08-28,582.5999755859375,590.0,581.5499877929688,587.0999755859375,8952,593.8265455249577,608.6629463086135,43.86270318578306,17.52840652414561,634.0,27790.85,False,False,False,False,0,-0.07397480191492511
2026-08-31,595.8499755859375,605.0,583.2999877929688,591.2000122070312,22111,593.5763994946791,607.9781253634535,46.31930639883357,17.826378358637438,634.0,27861.55,False,False,False,False,0,-0.06750786718133872
2026-09-01,598.0,598.0,585.0,593.2999877929688,8585,593.5500745707067,607.4025121253953,47.58449277152503,17.48163704730619,630.0,28019.45,False,False,False,False,0,-0.05825398763020828
2026-09-02,595.0,595.0,575.0,578.7999877929688,17395,592.1453044013982,606.2808445045158,40.48859245405597,17.661520115355746,626.7000122070312,27402.25,False,False,False,False,0,-0.0764321421430556
2026-09-03,578.7999877929688,588.5499877929688,578.7999877929688,585.7000122070312,81194,591.5314670495538,605.4737530418694,44.71360174239392,17.09641153568748,621.3499755859375,26075.8,False,False,False,True,1,-0.057375013727630875
2026-09-04,594.4500122070312,594.4500122070312,581.9500122070312,588.2000122070312,16151,591.2141856359802,604.7963514405033,46.20383024585544,16.76809642599552,618.4500122070312,29042.2,False,False,False,False,0,-0.04891260312543022
2026-09-07,604.5,604.5,578.0,580.5499877929688,12470,590.1985477461697,603.8455136504039,42.43452420223169,17.463232395567267,611.9500122070312,28158.65,False,False,False,False,0,-0.05131142052079807
2026-09-08,585.1500244140625,585.5999755859375,567.3499755859375,571.5,29250,588.4177336751059,602.5770621347017,38.439403402960146,17.519430081598177,610.0,26948.85,False,False,False,True,1,-0.06311475409836065
2026-09-09,572.5499877929688,574.0,554.8499755859375,569.7000122070312,66140,586.6350935352893,601.2877660591068,37.6795624803209,17.635901105345628,610.0,27457.55,False,False,False,True,1,-0.06606555375896517
2026-09-10,558.2999877929688,573.9500122070312,558.2999877929688,569.7999877929688,49112,585.0317501312588,600.0529512251408,37.75316156628276,17.494052770253976,610.0,30194.85,False,False,False,True,1,-0.06590165935578896
2026-09-11,569.7000122070312,577.9500122070312,560.0499877929688,574.7000122070312,34114,584.0477750908561,599.0587183224699,41.40563248718518,17.523050744811727,610.0,31991.5,False,False,False,True,1,-0.05786883244748975
2026-09-15,580.0,582.0,561.0,563.1500244140625,79959,582.0575131216376,597.6505342476304,36.03783496362581,17.77140426303946,610.0,31471.05,False,False,False,True,1,-0.07680323866547134
2026-09-16,558.2000122070312,572.9500122070312,558.2000122070312,565.0499877929688,29156,580.4377488046216,596.3720814454869,37.47381053937455,17.555589672822357,610.0,34877.9,False,False,False,False,0,-0.07368854460169061
2026-09-17,565.5499877929688,568.0,560.0,561.75,24344,578.6579632041814,595.0143527613501,35.96359550821613,16.87304755333505,610.0,35756.85,False,False,False,False,0,-0.07909836065573772
