Symbol,Date,Signal,RSI14,BreakoutStrength,ConfirmationScore
360ONE,2026-09-17,False,32.979986789111734,-0.13214487886151294,0
3MINDIA,2026-09-17,False,40.170252617669554,-0.07820912439784644,0
AADHARHFC,2026-09-17,False,46.21569883461589,-0.03821720060754996,0
AARTIIND,2026-09-17,False,37.84750672844479,-0.13620297942271753,0
AAVAS,2026-09-17,False,42.86157917240288,-0.08246322435732312,0
ABB,2026-09-17,False,39.22980406079913,-0.0738407585400701,1
ABBOTINDIA,2026-09-17,False,43.733837507135235,-0.036802973977695164,0
ABCAPITAL,2026-09-17,False,43.836240928353114,-0.06351305422433773,1
ABFRL,2026-09-17,False,37.707506851972674,-0.08737333797059221,0
ABLBL,2026-09-17,False,32.909362467631965,-0.06203046790782829,1
ABREL,2026-09-17,False,33.337912702476956,-0.15383578437815448,0
ABSLAMC,2026-09-17,False,56.95003106658512,-0.02399502931534503,1
ACC,2026-09-17,False,31.48505170887671,-0.07891785181424626,0
ACE,2026-09-17,True,67.04163914360299,0.008026735439746968,2
ACMESOLAR,2026-09-17,False,57.56227790948511,-0.04459933149136164,1
ADANIENSOL,2026-09-17,False,38.41026604483818,-0.15284053217585525,0
ADANIENT,2026-09-17,False,42.672103993231445,-0.07892995678671644,0
ADANIGREEN,2026-09-17,False,43.312675691671835,-0.05390562446104796,0
ADANIPORTS,2026-09-17,False,53.39378677401605,-0.029641607046034135,1
ADANIPOWER,2026-09-17,False,47.43003901085882,-0.052805869594482746,0
AEGISLOG,2026-09-17,False,54.75284472838434,-0.06570044939397857,1
AEGISVOPAK,2026-09-17,False,67.874782198329,-0.000964590974176005,2
AFCONS,2026-09-17,False,43.78643102082652,-0.12231161219196085,1
AFFLE,2026-09-17,False,42.27602671372371,-0.11589061963428626,0
AGARWALEYE,2026-09-17,False,45.08266102522745,-0.05417926353602942,0
AIAENG,2026-09-17,False,35.809125361383465,-0.12178665861153637,1
AIIL,2026-09-17,False,46.42232049882582,-0.089464573044851,0
AJANTPHARM,2026-09-17,False,47.12682945547671,-0.07784510010537404,1
AKUMS,2026-09-17,False,55.95341566332778,-0.03747407701134231,1
ALKEM,2026-09-17,False,53.103715746448394,-0.02931034482758621,2
ALKYLAMINE,2026-09-17,False,41.394013898591865,-0.12822692726802598,0
ALOKINDS,2026-09-17,False,14.046918467890933,-0.39999998376724566,1
AMBER,2026-09-17,False,38.874617116384286,-0.09597125994354627,0
AMBUJACEM,2026-09-17,False,28.33251825779945,-0.09354302018649807,0
ANANDRATHI,2026-09-17,False,57.77900971529507,-0.015432692977810025,1
ANANTRAJ,2026-09-17,False,45.852369268534034,-0.08027731215090528,0
ANGELONE,2026-09-17,False,48.149119134840085,-0.048387096774193505,0
APARINDS,2026-09-17,False,58.270563068039316,-0.018255018751378804,2
APLAPOLLO,2026-09-17,False,53.12793335744513,-0.058088557650153416,1
APLLTD,2026-09-17,False,53.19896060487738,-0.038416763678696175,2
APOLLOHOSP,2026-09-17,False,48.77441676907482,-0.028313386524822737,0
APOLLOTYRE,2026-09-17,False,38.07085771641182,-0.11820710466726336,1
APTUS,2026-09-17,False,30.497325122709682,-0.08703614497131562,0
ARE&M,2026-09-17,False,24.061757389067267,-0.15195137753772148,1
ASAHIINDIA,2026-09-17,False,51.874680595988906,-0.04452260079695347,1
ASHOKLEY,2026-09-17,False,34.32389625913409,-0.12769468592353195,0
ASIANPAINT,2026-09-17,False,34.18284806263057,-0.08388395687003825,0
ASTERDM,2026-09-17,False,43.97652178596066,-0.08904188692926651,0
ASTRAL,2026-09-17,False,35.010546104231096,-0.11518025021248424,0
ASTRAZEN,2026-09-17,False,17.414016201345902,-0.1405374057606804,0
ATGL,2026-09-17,False,26.439811589586455,-0.14667832654898771,0
ATHERENERG,2026-09-17,False,50.54032811219223,-0.11123853211009171,1
ATUL,2026-09-17,False,35.829791595617294,-0.09408463185879923,0
AUBANK,2026-09-17,False,41.0982495818931,-0.09160032251914041,0
AUROPHARMA,2026-09-17,False,57.46984188316269,-0.015725101921956863,2
AWL,2026-09-17,False,39.327816865604326,-0.10145500095209115,0
AXISBANK,2026-09-17,False,46.76309641534244,-0.0461538461538461,0
BAJAJ-AUTO,2026-09-17,False,44.51490546244545,-0.07778668805132316,0
BAJAJFINSV,2026-09-17,False,33.212573573346305,-0.08526447666820414,0
BAJAJHFL,2026-09-17,False,39.594335515276065,-0.047454535372771334,0
BAJAJHLDNG,2026-09-17,False,45.53135841301201,-0.05444864307798003,0
BAJFINANCE,2026-09-17,False,35.13401757715137,-0.08310749774164405,1
BALKRISIND,2026-09-17,False,38.056002623005625,-0.09346030222214252,0
BALRAMCHIN,2026-09-17,False,50.321921142151034,-0.13477175024628596,1
BANDHANBNK,2026-09-17,False,47.80368145583432,-0.051123189179683615,0
BANKBARODA,2026-09-17,False,36.74077696159279,-0.06008493308296947,0
BANKINDIA,2026-09-17,False,38.73853107986617,-0.06578766821551807,1
BASF,2026-09-17,False,36.89694296695131,-0.09370908463607197,1
BATAINDIA,2026-09-17,False,29.32353497123526,-0.12409706844821988,0
BAYERCROP,2026-09-17,False,29.440584056935734,-0.05616838133070867,1
BBTC,2026-09-17,False,37.6699843808936,-0.14618668431112725,0
BDL,2026-09-17,False,28.923401259533023,-0.17821212489090132,0
BEL,2026-09-17,False,43.29912164033365,-0.04939900911771322,0
BEML,2026-09-17,False,54.72973501460205,-0.08693875336592971,1
BERGEPAINT,2026-09-17,False,23.182408435264108,-0.1761248740063992,1
BHARATFORG,2026-09-17,False,38.276845474204045,-0.08846024030147293,0
BHARTIARTL,2026-09-17,False,42.01365272796721,-0.06082153712678995,0
BHARTIHEXA,2026-09-17,False,38.50257247047523,-0.09212948791152997,1
BHEL,2026-09-17,False,53.726294609705754,-0.030385139218139012,2
BIKAJI,2026-09-17,False,28.951818298061355,-0.13091680579303178,0
BIOCON,2026-09-17,False,30.427680623625392,-0.09867173980377397,1
BLS,2026-09-17,False,33.20992510900243,-0.18704935537692802,0
BLUEDART,2026-09-17,False,35.93078217159341,-0.06748719746341703,0
BLUEJET,2026-09-17,False,45.61390393144558,-0.076997994247466,1
BLUESTARCO,2026-09-17,False,54.52051246227332,-0.007731119912264717,2
BOSCHLTD,2026-09-17,False,53.74089851550547,-0.04530000000000001,1
BPCL,2026-09-17,False,45.46500912198386,-0.05929218857553187,0
BRIGADE,2026-09-17,False,47.16921210678864,-0.15523806202168366,0
BRITANNIA,2026-09-17,False,32.5084121616668,-0.10315031503150318,1
BSE,2026-09-17,False,42.84555460451029,-0.06188831318364996,0
BSOFT,2026-09-17,False,43.23746489645129,-0.09617838282494029,0
CAMPUS,2026-09-17,False,34.79439331804285,-0.09130659792187967,0
CAMS,2026-09-17,False,38.5292413485458,-0.0908570828952705,1
CANBK,2026-09-17,False,41.45996084695766,-0.05729279136823617,0
CANFINHOME,2026-09-17,False,35.31182444701288,-0.09145298692393256,0
CAPLIPOINT,2026-09-17,False,47.24673549631081,-0.09755671859325177,0
CARBORUNIV,2026-09-17,False,48.153839199098,-0.10223697134553644,1
CASTROLIND,2026-09-17,False,64.09398204930163,-0.00041711068707905863,2
CCL,2026-09-17,False,37.49835174906916,-0.06848471932124456,0
CDSL,2026-09-17,False,47.620901612718,-0.06615915265462802,1
CEATLTD,2026-09-17,False,51.47726374662234,-0.05578181200070276,2
CENTRALBK,2026-09-17,False,40.72646443783393,-0.03706050325004462,0
CENTURYPLY,2026-09-17,False,34.98455331194734,-0.07826921511919072,0
CERA,2026-09-17,False,38.358630270986005,-0.05834806769386214,0
CESC,2026-09-17,False,28.376207031284068,-0.12757301644904284,0
CGCL,2026-09-17,False,55.74664065364351,-0.08731955135711644,1
CGPOWER,2026-09-17,False,47.790514094673064,-0.05477980665950588,0
CHALET,2026-09-17,False,38.76804089123303,-0.10388852933229642,0
CHAMBLFERT,2026-09-17,False,37.56792479883946,-0.07384202383239191,0
CHENNPETRO,2026-09-17,False,48.520866627095984,-0.15701938862239195,1
CHOICEIN,2026-09-17,False,36.17542964234466,-0.09890109890109888,1
CHOLAFIN,2026-09-17,False,36.82342391397974,-0.08337662337662333,1
CHOLAHLDNG,2026-09-17,False,40.38849311137529,-0.05550311531918162,1
CIPLA,2026-09-17,False,41.82062622557216,-0.046619512258232354,0
CLEAN,2026-09-17,False,52.22666715888268,-0.053326433504645276,1
COALINDIA,2026-09-17,False,50.56996642556124,-0.041943589972439854,1
COCHINSHIP,2026-09-17,False,32.59229533969268,-0.1543823891354561,0
COFORGE,2026-09-17,False,43.78268125788214,-0.112903204375978,0
COHANCE,2026-09-17,False,47.13868213942127,-0.09101237147307584,1
COLPAL,2026-09-17,False,43.39651547732632,-0.03895763467273661,0
CONCOR,2026-09-17,False,39.56894886044723,-0.06912667587703114,0
CONCORDBIO,2026-09-17,False,49.987594265739865,-0.09529413276412535,0
COROMANDEL,2026-09-17,False,41.598848441204694,-0.06443007004884349,0
CRAFTSMAN,2026-09-17,False,50.59891047812357,-0.08850737561463451,1
CREDITACC,2026-09-17,False,37.07459664727733,-0.11275077745752426,0
CRISIL,2026-09-17,False,46.213243653377646,-0.0640394088669951,0
CROMPTON,2026-09-17,False,33.73546933744315,-0.13088800732233363,0
CUB,2026-09-17,False,56.44941261481869,-0.06843479349649995,1
CUMMINSIND,2026-09-17,False,40.87734954989901,-0.08460977388767321,0
CYIENT,2026-09-17,False,58.315040549148655,-0.12715340442986056,1
DABUR,2026-09-17,False,44.244777951286714,-0.043645904113785994,0
DALBHARAT,2026-09-17,False,34.84434177380032,-0.12036361099837667,0
DATAPATTNS,2026-09-17,False,43.67863206056707,-0.11777998046875005,0
DBREALTY,2026-09-17,False,24.98111027765185,-0.14948818735020586,0
DCMSHRIRAM,2026-09-17,False,35.26306933382662,-0.12103617686467172,0
DEEPAKFERT,2026-09-17,False,35.32771663935668,-0.1216180533249751,0
DEEPAKNTR,2026-09-17,False,38.104634825222114,-0.11824173141311811,0
DELHIVERY,2026-09-17,False,34.16971138787618,-0.09746794959255367,1
DEVYANI,2026-09-17,False,53.738237827068914,-0.11183073281620115,1
DIVISLAB,2026-09-17,False,61.71325197773664,-0.03036921476859078,2
DIXON,2026-09-17,False,34.8931587587048,-0.11399999999999999,0
DLF,2026-09-17,False,42.19257923210559,-0.07387307531255294,0
DMART,2026-09-17,False,36.89126532864353,-0.08815726015433045,0
DOMS,2026-09-17,False,34.69879246241305,-0.06943278716963275,0
DRREDDY,2026-09-17,False,52.43135882794645,-0.018543227595477774,2
ECLERX,2026-09-17,False,53.51211542078184,-0.06741028128031035,2
EICHERMOT,2026-09-17,False,33.949339427838865,-0.0794226044226044,0
EIDPARRY,2026-09-17,False,27.656004771043712,-0.18754338369474133,0
EIHOTEL,2026-09-17,False,52.73338418676179,-0.026140665664708407,2
ELECON,2026-09-17,False,41.78699422248449,-0.09732197447739077,0
ELGIEQUIP,2026-09-17,False,42.04945805392822,-0.0814368085352073,0
EMAMILTD,2026-09-17,False,46.769745640246896,-0.09044738548121978,1
EMCURE,2026-09-17,False,48.91273405227519,-0.051879063429897565,1
ENDURANCE,2026-09-17,False,39.19368563823371,-0.12408852577209473,1
ENGINERSIN,2026-09-17,False,54.20548810180721,-0.08941824423355782,1
ENRIN,2026-09-17,False,40.249407855286684,-0.11898552064147072,0
ERIS,2026-09-17,False,41.87666645179397,-0.03766523408819755,0
ESCORTS,2026-09-17,False,31.317785107968035,-0.10138762387754663,0
ETERNAL,2026-09-17,False,54.62070658835173,-0.03183662926831321,1
EXIDEIND,2026-09-17,False,41.32665134548779,-0.1054599953331814,0
FACT,2026-09-17,False,35.763614714093436,-0.17413044805112088,0
FEDERALBNK,2026-09-17,False,34.83436821917931,-0.08635368246268316,1
FINCABLES,2026-09-17,False,62.1191867676603,-0.06822426646987645,1
FINPIPE,2026-09-17,False,41.46061674384482,-0.07249253648179432,0
FIRSTCRY,2026-09-17,False,27.09613341551818,-0.16088248606453437,0
FIVESTAR,2026-09-17,False,48.108084755906496,-0.0484766806325605,0
FLUOROCHEM,2026-09-17,False,42.27731170595962,-0.08512860450696424,1
FORCEMOT,2026-09-17,False,48.76823147177857,-0.03757020557282298,0
FORTIS,2026-09-17,False,40.881933895174434,-0.05924200804946045,1
FSL,2026-09-17,False,53.64864761756789,-0.06472600649480953,1
GAIL,2026-09-17,False,46.264272705069,-0.030985915492957705,0
GESHIP,2026-09-17,False,62.444389136597444,-0.001261510124974663,1
GICRE,2026-09-17,False,36.38637252955845,-0.0641696995838229,0
GILLETTE,2026-09-17,False,40.88881299648972,-0.03633366303989449,1
GLAND,2026-09-17,False,55.33564997912541,-0.044115697295159406,2
GLAXO,2026-09-17,False,45.76778684184966,-0.10279746654517663,0
GLENMARK,2026-09-17,False,53.801866861508955,-0.04791933046052488,1
GMDCLTD,2026-09-17,False,40.30255268785322,-0.08627283791337359,0
GMRAIRPORT,2026-09-17,False,40.77538016690593,-0.08067321106080672,0
GODFRYPHLP,2026-09-17,False,33.64550990367958,-0.10365823510324867,0
GODIGIT,2026-09-17,False,45.80909263037643,-0.03784593581229623,1
GODREJAGRO,2026-09-17,False,58.59081265817431,-0.06037953058382639,1
GODREJCP,2026-09-17,False,33.89096637711134,-0.07911392405063289,0
GODREJIND,2026-09-17,False,39.8294260376697,-0.09815996093750001,0
GODREJPROP,2026-09-17,False,24.610709722042856,-0.1989499039752387,0
GPIL,2026-09-17,False,43.92957427543175,-0.06513725729549635,0
GRANULES,2026-09-17,False,52.64663948087795,-0.05765170637415418,1
GRAPHITE,2026-09-17,False,64.1136349587932,-0.06890833382779482,1
GRASIM,2026-09-17,False,39.29748342316612,-0.058706586278181594,0
GRAVITA,2026-09-17,False,30.50422199941886,-0.13284908496855663,0
GRSE,2026-09-17,False,28.22133657573673,-0.13532888069914084,0
GSPL,2026-05-11,False,,,0
GVT&D,2026-09-17,False,48.08131509837681,-0.10031088082901551,0
HAL,2026-09-17,False,46.777342205656,-0.06104755880431656,0
HAPPSTMNDS,2026-09-17,False,29.37444990441695,-0.2829652249084841,0
HAVELLS,2026-09-17,False,21.972950120675648,-0.16424305800993244,0
HBLENGINE,2026-09-17,False,64.68290875750972,-0.02076861807258268,2
HCLTECH,2026-09-17,False,45.986120659930975,-0.08019002278645837,0
HDFCAMC,2026-09-17,False,34.3736156608896,-0.11501113744556157,0
HDFCBANK,2026-09-17,False,46.94780446129296,-0.03616086515714767,0
HDFCLIFE,2026-09-17,False,58.20199010764495,-0.011535048802129522,2
HEG,2026-09-17,False,16.292286895580872,-0.7004907869219774,0
HEROMOTOCO,2026-09-17,False,47.13266154781474,-0.07238045466422782,1
HEXT,2026-09-17,False,46.65950417632903,-0.08419581705569834,0
HFCL,2026-09-17,False,39.5000210862898,-0.1840670549741985,0
HINDALCO,2026-09-17,False,41.9715321357016,-0.0765681343844854,0
HINDCOPPER,2026-09-17,False,37.12997741313213,-0.17256071580741372,0
HINDPETRO,2026-09-17,False,37.29720547060835,-0.08147761359422556,0
HINDUNILVR,2026-09-17,False,37.60331692815934,-0.05346262312628991,0
HINDZINC,2026-09-17,False,46.419922095587744,-0.09446204463137853,0
HOMEFIRST,2026-09-17,False,44.269212593458754,-0.05993103775416442,1
HONASA,2026-09-17,False,44.75652400022383,-0.06767982552479102,0
HONAUT,2026-09-17,False,32.562866799289225,-0.08806130680290403,0
HSCL,2026-09-17,False,39.7682615826872,-0.1488405466829109,0
HUDCO,2026-09-17,False,22.66567924235453,-0.11692706743876136,1
HYUNDAI,2026-09-17,False,47.46549573179127,-0.053046909250328844,1
ICICIBANK,2026-09-17,False,31.71722529276923,-0.07317745833154232,0
ICICIGI,2026-09-17,False,37.19798746124789,-0.09896972656250003,0
ICICIPRULI,2026-09-17,False,50.37614875623756,-0.06704707560627676,2
IDBI,2026-09-17,False,39.9309330414628,-0.14919481153612013,0
IDEA,2026-09-17,False,46.30988250012079,-0.09942999991242385,0
IDFCFIRSTB,2026-09-17,False,54.78519593878494,-0.02009076814667976,2
IEX,2026-09-17,False,30.63993422789831,-0.09316274483461617,0
IFCI,2026-09-17,False,41.054945941183284,-0.2828837549963663,1
IGIL,2026-09-17,False,33.60600189011579,-0.09899858684839946,0
IGL,2026-09-17,False,43.88909485018844,-0.0678996980003429,0
IIFL,2026-09-17,False,43.0655754849315,-0.15382980454898054,0
IKS,2026-09-17,False,42.89289881530385,-0.07850971676329532,0
INDGN,2026-09-17,False,59.74911836753652,-0.03858651502843213,1
INDHOTEL,2026-09-17,False,52.56188814398922,-0.015245967783959924,2
INDIACEM,2026-09-17,False,42.11876646346734,-0.07325424978384387,1
INDIAMART,2026-09-17,False,38.31449476540267,-0.06326763314260564,1
INDIANB,2026-09-17,False,38.451824886999354,-0.07301203409702339,0
INDIGO,2026-09-17,False,37.216802120900034,-0.08238636363636365,0
INDUSINDBK,2026-09-17,False,38.25629073519976,-0.06242660253715138,1
INDUSTOWER,2026-09-17,False,50.7566008350005,-0.024305999364584774,1
INFY,2026-09-17,False,40.63570385783931,-0.08425607648275302,0
INOXINDIA,2026-09-17,False,46.124132574872995,-0.13879031894502025,0
INOXWIND,2026-09-17,False,46.286439220688116,-0.04816955778421206,0
INTELLECT,2026-09-17,False,30.770952952781826,-0.09093450108733647,0
IOB,2026-09-17,False,36.106776532609096,-0.04577886276660359,0
IOC,2026-09-17,False,42.41535379244031,-0.04874240114433892,0
IPCALAB,2026-09-17,False,61.35441563953019,-0.015588284372658023,2
IRB,2026-09-17,False,40.66822591411297,-0.08495145473755294,0
IRCON,2026-09-17,False,17.04901056549629,-0.15734374523162842,1
IRCTC,2026-09-17,False,28.722489795407824,-0.07676767676767682,0
IREDA,2026-09-17,False,31.85533124639919,-0.10029718992154091,0
IRFC,2026-09-17,False,23.164737959547452,-0.09152354196857249,0
ITC,2026-09-17,False,48.64801045175348,-0.02828983265072138,1
ITCHOTELS,2026-09-17,False,36.86941782452283,-0.0808218734885483,0
ITI,2026-09-17,False,23.21763567098334,-0.13720848828043497,0
J&KBANK,2026-09-17,False,44.18729572016086,-0.04282833916301665,0
JBCHEPHARM,2026-07-16,False,,,0
JBMA,2026-09-17,False,36.20639871625692,-0.13343069257527373,0
JINDALSAW,2026-09-17,False,48.158281628008886,-0.08999996185302739,0
JINDALSTEL,2026-09-17,False,50.19041348791748,-0.05683717704143565,1
JIOFIN,2026-09-17,False,38.18649129521918,-0.0725985720859138,1
JKCEMENT,2026-09-17,False,46.7496489784872,-0.06864289022695691,1
JKTYRE,2026-09-17,False,29.993409837169352,-0.09900482798570343,0
JMFINANCIL,2026-09-17,False,41.590304767765765,-0.10117388559625184,0
JPPOWER,2026-09-17,False,24.82509663368691,-0.12650252841070686,1
JSL,2026-09-17,False,46.86249396396786,-0.0875944430641924,1
JSWCEMENT,2026-09-17,False,23.810729533760522,-0.0907390045245855,0
JSWENERGY,2026-09-17,False,36.64283042323764,-0.07531156093137203,0
JSWINFRA,2026-09-17,False,42.50592581741356,-0.06457622429055809,0
JSWSTEEL,2026-09-17,False,41.12586559912192,-0.07224276505250737,0
JUBLFOOD,2026-09-17,False,51.0491288490849,-0.09027179233268423,1
JUBLINGREA,2026-09-17,False,27.936621030115276,-0.14077340569877883,0
JUBLPHARMA,2026-09-17,False,67.25279187081145,-0.02776179098372944,1
JWL,2026-09-17,False,30.758980344448332,-0.0894664362816816,0
JYOTHYLAB,2026-09-17,False,39.116318821300716,-0.10051045782881363,0
JYOTICNC,2026-09-17,False,54.57694846874287,-0.07366482674454133,1
KAJARIACER,2026-09-17,False,47.67977769106157,-0.04495884568703412,0
KALYANKJIL,2026-09-17,False,45.73839529880885,-0.08569855956266215,0
KARURVYSYA,2026-09-17,False,44.68798499857901,-0.07570052797580851,0
KAYNES,2026-09-17,False,45.316264681085975,-0.14519534629859465,1
KEC,2026-09-17,False,38.07623197531079,-0.08937467656310105,0
KEI,2026-09-17,False,30.747200335499784,-0.2109361481225125,0
KFINTECH,2026-09-17,False,40.62748774851298,-0.09613061473914108,0
KIMS,2026-09-17,False,57.2578841886785,-0.021199041302920274,2
KIRLOSBROS,2026-09-17,False,37.99649980731648,-0.10475225033967395,0
KIRLOSENG,2026-09-17,False,47.881552931776895,-0.08480427763943388,1
KOTAKBANK,2026-09-17,False,55.54911843339122,-0.02936379847190218,1
KPIL,2026-09-17,False,53.15981561769974,-0.03675907216811902,2
KPITTECH,2026-09-17,False,40.177450397014084,-0.0882712907922929,0
KPRMILL,2026-09-17,False,42.91074039766013,-0.08556640613655264,0
KSB,2026-09-17,False,38.844737613743014,-0.07734283773076067,0
LALPATHLAB,2026-09-17,False,56.60416712729287,-0.05587168928584185,2
LATENTVIEW,2026-09-17,False,32.74467635382321,-0.12671232876712324,0
LAURUSLABS,2026-09-17,False,61.15103813940762,-0.017004779701219164,1
LEMONTREE,2026-09-17,False,37.27369855133929,-0.05828056508059942,0
LICHSGFIN,2026-09-17,False,54.498297588371805,-0.05781843042529722,1
LICI,2026-09-17,False,41.78182320864877,-0.06574797220081319,0
LINDEINDIA,2026-09-17,False,24.195762587009824,-0.11029197080291975,1
LLOYDSME,2026-09-17,False,42.55607289254936,-0.06820297833861988,0
LODHA,2026-09-17,False,37.701210758742164,-0.15594157550000587,1
LT,2026-09-17,False,34.584744017714,-0.07007971958477455,0
LTF,2026-09-17,False,42.88724980692998,-0.07638252652735678,0
LTFOODS,2026-09-17,False,43.95727553923932,-0.14020790014066575,0
LTTS,2026-09-17,False,36.237524237679466,-0.09542855814200679,0
LUPIN,2026-09-17,False,37.47092426672751,-0.06246919468609291,0
M&M,2026-09-17,False,32.4516252428365,-0.10991202206843709,1
M&MFIN,2026-09-17,False,34.036759533336905,-0.1303144346992925,0
MAHABANK,2026-09-17,False,43.723351779877014,-0.07657139369419641,0
MAHSCOOTER,2026-09-17,False,46.126649754140615,-0.058895090883068546,0
MAHSEAMLES,2026-09-17,False,66.55093969863219,-0.02491194690916343,1
MANAPPURAM,2026-09-17,False,33.82909982732593,-0.1516575006074028,0
MANKIND,2026-09-17,False,43.14976001167878,-0.05111593190129138,1
MANYAVAR,2026-09-17,False,60.878469568749416,-0.06026494108288494,1
MAPMYINDIA,2026-09-17,False,32.54970866910945,-0.13862537483739712,0
MARICO,2026-09-17,False,44.81202298650947,-0.052369104141413825,1
MARUTI,2026-09-17,False,28.62807087143237,-0.1076233183856502,0
MAXHEALTH,2026-09-17,False,53.2150202556128,-0.010496183206106902,1
MAZDOCK,2026-09-17,False,22.23729197695107,-0.1681722525657141,1
MCX,2026-09-17,False,56.07166664501588,-0.0396470731847427,1
MEDANTA,2026-09-17,False,48.9153026876097,-0.07772020725388606,0
METROPOLIS,2026-09-17,False,54.331698944305835,-0.03489713943544237,1
MFSL,2026-09-17,False,54.51710307902292,-0.03171538640398841,2
MGL,2026-09-17,False,43.14981179106914,-0.08694170153869785,0
MINDACORP,2026-09-17,False,40.68091678470424,-0.09982820958189065,0
MMTC,2026-09-17,False,35.5488203992053,-0.11009177626253608,0
MOTHERSON,2026-09-17,False,49.348091802304424,-0.05779981232933229,0
MOTILALOFS,2026-09-17,False,48.87379137738202,-0.06744005117696195,0
MPHASIS,2026-09-17,False,42.56658071651284,-0.08045977011494254,0
MRF,2026-09-17,False,27.051414523088155,-0.08258468335787927,0
MRPL,2026-09-17,False,40.258563110173746,-0.14658671453214056,0
MSUMI,2026-09-17,False,38.05541985692655,-0.11135748807026036,0
MUTHOOTFIN,2026-09-17,False,38.13535287809642,-0.14671185856403046,0
NAM-INDIA,2026-09-17,False,36.42684707699007,-0.11855061047656557,0
NATCOPHARM,2026-09-17,False,30.89183175597408,-0.10671397379912662,0
NATIONALUM,2026-09-17,False,40.3087610392635,-0.12172836492091055,0
NAUKRI,2026-09-17,False,44.274027251058946,-0.08999350966336572,0
NAVA,2026-09-17,False,41.93557058979374,-0.06787184033270399,0
NAVINFLUOR,2026-09-17,False,44.90427699078399,-0.08151293368344603,0
NBCC,2026-09-17,False,31.051216623675444,-0.0924862181942766,0
NCC,2026-09-17,False,35.80843181604003,-0.11867928268815708,0
NESTLEIND,2026-09-17,False,34.73507915608607,-0.09519413031029611,0
NETWEB,2026-09-17,False,37.36809298735975,-0.21236882848787197,0
NEULANDLAB,2026-09-17,False,50.14031250774617,-0.06439628482972137,1
NEWGEN,2026-09-17,False,36.417395242110835,-0.150026082221421,0
NH,2026-09-17,False,46.8860528649094,-0.04154698451699357,0
NHPC,2026-09-17,False,39.657712421579916,-0.03453591555379765,1
NIACL,2026-09-17,False,52.58229828151399,-0.18775763357698327,2
NIVABUPA,2026-09-17,False,38.61710544341415,-0.05474409999372143,1
NLCINDIA,2026-09-17,False,38.25724562711142,-0.07084662013753773,1
NMDC,2026-09-17,False,37.59191599646414,-0.09315371003933293,0
NSLNISP,2026-09-17,False,42.01533598375378,-0.15708505863436617,0
NTPC,2026-09-17,False,40.8768541512984,-0.04311222405935078,0
NTPCGREEN,2026-09-17,False,39.135980835892305,-0.0668087026639147,0
NUVAMA,2026-09-17,False,40.74006468615175,-0.11371395410671803,0
NUVOCO,2026-09-17,False,41.862695405934645,-0.10090188563889857,0
NYKAA,2026-09-17,False,41.05036552783623,-0.07380915089102946,1
OBEROIRLTY,2026-09-17,False,40.17715434928151,-0.09938953476989099,1
OFSS,2026-09-17,False,46.59900250940143,-0.07336523125996808,0
OIL,2026-09-17,False,47.8001349064142,-0.07201869458919707,0
OLAELEC,2026-09-17,False,42.02039893054251,-0.129230747561483,0
OLECTRA,2026-09-17,False,31.275657750071417,-0.13390773049305948,0
ONESOURCE,2026-09-17,False,52.329130495775956,-0.04675716440422317,1
ONGC,2026-09-17,False,42.88236397985211,-0.04412736808985385,1
PAGEIND,2026-09-17,False,39.67353625303312,-0.041598248494800205,0
PATANJALI,2026-09-17,False,54.67051643945693,-0.03524763719267188,2
PAYTM,2026-09-17,False,61.19506382615354,-0.04985179196981948,1
PCBL,2026-09-17,False,54.557602191470124,-0.04797689625293533,1
PERSISTENT,2026-09-17,False,47.22045823944121,-0.0739424703891709,0
PETRONET,2026-09-17,False,45.8297414416877,-0.05705254008071625,0
PFC,2026-09-17,False,33.744889661892856,-0.0803785481362107,0
PFIZER,2026-09-17,False,18.08735402882938,-0.20182901613754967,0
PGEL,2026-09-17,False,32.55095407478946,-0.13744506264184064,0
PGHH,2026-09-17,False,28.495875789932683,-0.08848180076628354,0
PHOENIXLTD,2026-09-17,False,43.183506543452104,-0.05012686394121002,0
PIDILITIND,2026-09-17,False,38.742278738239804,-0.08070151988646024,0
PIIND,2026-09-17,False,35.145752705141575,-0.0904790065050266,0
PNB,2026-09-17,False,53.74659335161693,-0.02208226101690025,2
PNBHOUSING,2026-09-17,False,39.539252685218166,-0.08914568716467186,1
POLICYBZR,2026-09-17,False,48.82354391921409,-0.058666666666666645,1
POLYCAB,2026-09-17,False,33.4959513672441,-0.13091582848067762,0
POLYMED,2026-09-17,False,47.13926699841241,-0.0782023944177207,0
POONAWALLA,2026-09-17,False,29.75651808908235,-0.14466405574512098,0
POWERGRID,2026-09-17,False,41.027027958348754,-0.04421095005380249,0
POWERINDIA,2026-09-17,False,42.586980244278124,-0.11025641025641031,1
PPLPHARMA,2026-09-17,False,45.74245863026237,-0.11736294063513086,0
PRAJIND,2026-09-17,False,38.58391829682552,-0.1278877866321092,0
PREMIERENE,2026-09-17,False,23.348159358212015,-0.17941068634270685,0
PRESTIGE,2026-09-17,False,33.31899252219958,-0.1278992714813213,1
PTCIL,2026-09-17,False,58.69394807535482,-0.06031088082901559,1
PVRINOX,2026-09-17,False,60.1495044715512,-0.00918649188643439,1
RADICO,2026-09-17,False,44.323195948551465,-0.07491502749501733,0
RAILTEL,2026-09-17,False,34.1116552054161,-0.1288642651780597,1
RAINBOW,2026-09-17,False,54.41766022749855,-0.005333169616994371,2
RAMCOCEM,2026-09-17,False,38.23227068551628,-0.09009532605187365,0
RBLBANK,2026-09-17,False,57.641117945909436,-0.038653663739113275,1
RCF,2026-09-17,False,29.601634208043137,-0.14554652874130247,0
REDINGTON,2026-09-17,False,68.0576596194727,-0.007811516172310906,2
RELIANCE,2026-09-17,False,35.86612214059819,-0.06684169211248125,0
RELINFRA,2026-09-17,False,22.098093312250924,-0.20877931819935402,1
RHIM,2026-09-17,False,39.88028837733793,-0.055734682663637014,0
RITES,2026-09-17,False,38.465029754974736,-0.06828877366225095,0
RKFORGE,2026-09-17,False,49.302859966957044,-0.08054739366955854,0
RPOWER,2026-09-17,False,33.01842970284545,-0.115546222191377,0
RRKABEL,2026-09-17,False,32.662377311140204,-0.1988404179633756,0
RVNL,2026-09-17,False,33.950204154524414,-0.12827386683478725,0
SAGILITY,2026-09-17,False,48.87546806949692,-0.06169720365590803,0
SAIL,2026-09-17,False,41.66542131479848,-0.12913023158871428,0
SAILIFE,2026-09-17,False,55.080977346075464,-0.08915736524933704,1
SAMMAANCAP,2026-09-17,False,33.663236033697444,-0.11664595515091225,0
SAPPHIRE,2026-09-17,False,58.16700724615202,-0.09869384576323004,2
SARDAEN,2026-09-17,False,48.217812187319055,-0.08657655458192559,1
SAREGAMA,2026-09-17,False,45.34996463484761,-0.06774006977872316,0
SBFC,2026-09-17,False,41.65738834770118,-0.10604463798782193,0
SBICARD,2026-09-17,False,46.804357750465016,-0.05637035228587961,0
SBILIFE,2026-09-17,False,53.732662722885415,-0.019315051174407682,2
SBIN,2026-09-17,False,38.60831688884089,-0.06928366114854789,1
SCHAEFFLER,2026-09-17,False,49.29608910260408,-0.05034980553449697,1
SCHNEIDER,2026-09-17,False,44.794586091498,-0.06757174211476924,0
SCI,2026-09-17,False,34.054681666421715,-0.11096480359723548,0
SHREECEM,2026-09-17,False,26.646893461220074,-0.13046921401702638,0
SHRIRAMFIN,2026-09-17,False,34.58679458321414,-0.12872154115586687,1
SHYAMMETL,2026-09-17,False,58.04514584871309,-0.03060306030603055,1
SIEMENS,2026-09-17,False,35.259472013874756,-0.09300137644621287,1
SIGNATURE,2026-09-17,False,39.213452559322185,-0.06982760124018628,1
SJVN,2026-09-17,False,40.773622516085204,-0.05239282504201026,0
SOBHA,2026-09-17,False,29.19351393423399,-0.09503159078889756,0
SOLARINDS,2026-09-17,False,35.62018932975303,-0.1711453744493392,1
SONACOMS,2026-09-17,False,46.10939029378077,-0.0783175066184093,1
SONATSOFTW,2026-09-17,False,46.05424091140789,-0.1147257604910592,0
SRF,2026-09-17,False,45.911224924317,-0.04229607250755285,1
STARHEALTH,2026-09-17,False,45.65268074615886,-0.04741273487177122,1
SUMICHEM,2026-09-17,False,25.939109436280262,-0.19217803819060086,0
SUNDARMFIN,2026-09-17,False,55.220699747870874,-0.04152277752629452,1
SUNDRMFAST,2026-09-17,False,57.900986056299686,-0.08944477758864366,1
SUNPHARMA,2026-09-17,False,43.435206913178206,-0.059199917930964796,0
SUNTV,2026-09-17,False,47.854369702556944,-0.03551940742673376,0
SUPREMEIND,2026-09-17,False,38.906500552801106,-0.09854450071597032,0
SUZLON,2026-09-17,False,26.146120350394682,-0.10536274241679489,0
SWANCORP,2026-09-17,False,43.6484654369259,-0.08102114417641681,0
SWIGGY,2026-09-17,False,49.65091032777553,-0.05631399317406138,0
SYNGENE,2026-09-17,False,34.08988873353586,-0.09368292680087886,0
SYRMA,2026-09-17,False,62.97025219712131,-0.025481957125376486,2
TARIL,2026-09-17,False,29.342331650727715,-0.15583425693456987,0
TATACHEM,2026-09-17,False,78.13768304982104,-0.011040624628212203,2
TATACOMM,2026-09-17,False,58.43668197513658,-0.015496248206140706,2
TATACONSUM,2026-09-17,False,43.20563641388785,-0.056759971839887124,1
TATAELXSI,2026-09-17,False,34.63622961740184,-0.10477552906505183,0
TATAINVEST,2026-09-17,False,66.33684441294027,-0.04157230140843604,2
TATAPOWER,2026-09-17,False,51.4382188083363,-0.02869174538458774,1
TATASTEEL,2026-09-17,False,53.23318436410888,-0.015610224463642797,1
TATATECH,2026-09-17,False,40.32049425470225,-0.10735294117647054,0
TBOTEK,2026-09-17,False,47.89045314955726,-0.058457170758928534,0
TCS,2026-09-17,False,39.47564277873569,-0.08723379509384499,1
TECHM,2026-09-17,False,46.42699995132247,-0.0533656761673742,1
TECHNOE,2026-09-17,False,49.529599659356805,-0.054536714155514865,0
TEJASNET,2026-09-17,False,44.509723924939884,-0.1582369777208935,0
THELEELA,2026-09-17,False,47.845495105637376,-0.09067509273343888,0
THERMAX,2026-09-17,False,28.126118699888224,-0.1221101819970487,0
TIINDIA,2026-09-17,False,37.496970870414906,-0.12557198895419752,0
TIMKEN,2026-09-17,False,48.86647359369942,-0.04092137980841615,0
TITAGARH,2026-09-17,False,45.73139299775284,-0.08582003141745587,0
TITAN,2026-09-17,False,36.93579503814162,-0.06665127774783053,1
TMPV,2026-09-17,False,50.01674036306347,-0.03096591641032398,2
TORNTPHARM,2026-09-17,False,46.52538063183673,-0.0377023292538492,1
TORNTPOWER,2026-09-17,False,45.28888418090923,-0.03842097262467081,0
TRENT,2026-09-17,False,39.870910186697756,-0.06346541302887843,0
TRIDENT,2026-09-17,False,22.47383120157079,-0.07606083480176795,0
TRITURBINE,2026-09-17,False,41.16951161800807,-0.07822200307070348,0
TRIVENI,2026-09-17,False,28.952241204431175,-0.2618291474954604,0
TTML,2026-09-17,False,44.85147909991079,-0.09530865704571756,0
TVSMOTOR,2026-09-17,False,43.11727520039553,-0.08536064325733084,1
UBL,2026-09-17,False,20.127013704905167,-0.12258436257170136,1
UCOBANK,2026-09-17,False,26.93249087777373,-0.10779123766652776,0
ULTRACEMCO,2026-09-17,False,30.76014782114285,-0.08934010152284266,0
UNIONBANK,2026-09-17,False,43.71164433512044,-0.07403943928453072,0
UNITDSPR,2026-09-17,False,32.73120247777061,-0.11091212850597854,0
UNOMINDA,2026-09-17,False,44.95620750135186,-0.07839388145315485,0
UPL,2026-09-17,False,38.190412569948315,-0.061336717428087995,0
USHAMART,2026-09-17,False,49.605752659967045,-0.06357452233618088,1
UTIAMC,2026-09-17,False,48.814157859917316,-0.026814734561213416,0
VBL,2026-09-17,False,45.3682827494881,-0.07244916751874908,0
VEDL,2026-09-17,False,37.78517389717091,-0.11529205427137024,0
VENTIVE,2026-09-17,False,35.96359550821613,-0.07909836065573772,0
VGUARD,2026-09-17,False,52.36899887189612,-0.0548239180238238,1
VIJAYA,2026-09-17,False,56.93745299040414,-0.04556402054123099,2
VMM,2026-09-17,False,38.5749906164605,-0.12270366962632973,0
VOLTAS,2026-09-17,False,32.57743625566292,-0.08835341365461846,0
VTL,2026-09-17,False,40.37694571427126,-0.12001252758949921,0
WAAREEENER,2026-09-17,False,31.21185807334362,-0.0931426475980931,0
WELCORP,2026-09-17,False,56.10660807292631,-0.11652542168568014,1
WELSPUNLIV,2026-09-17,False,69.98210721087705,-0.01736111111111116,1
WHIRLPOOL,2026-09-17,False,32.16472031082853,-0.15290553851921052,0
WIPRO,2026-09-17,False,34.15507468782073,-0.09810301411119582,1
WOCKPHARMA,2026-09-17,False,53.51830816131776,-0.08825723178956191,1
YESBANK,2026-09-17,False,54.562413727779564,-0.040249012670097284,2
ZEEL,2026-09-17,False,28.123835487841262,-0.29214499229164237,0
ZENSARTECH,2026-09-17,False,40.853350017286694,-0.10989119352073196,0
ZENTEC,2026-09-17,False,38.403541638013635,-0.17712971994368654,0
ZFCVINDIA,2026-09-17,False,39.53947413279168,-0.09134152687778707,0
ZYDUSLIFE,2026-09-17,False,50.85255019989374,-0.05321548713730817,1
