Symbol,EntryDate,ExitDate,EntryPrice,ExitPrice,Shares,PnL,ReturnPct,HoldingSessions,ExitReason
JSWSTEEL,2020-02-13,2020-02-24,288.88091389160155,270.4873903567541,563,-10355.553750119114,-0.06367164686327931,6,Stop/Trailing Stop
DRREDDY,2020-02-14,2020-02-25,645.065627783203,615.2975966955737,313,-9317.393730427983,-0.046147290764706396,6,Stop/Trailing Stop
ICICIBANK,2020-02-13,2020-02-26,546.2366277832031,522.6105830040294,371,-8765.262613073428,-0.043252399376906385,8,Stop/Trailing Stop
TECHM,2020-02-14,2020-02-28,823.458227783203,794.034542856635,246,-7238.226491935755,-0.03573184884651449,9,Stop/Trailing Stop
HINDUNILVR,2020-02-13,2020-03-09,2158.8257777343747,2119.8028,92,-3590.1139515624964,-0.018076019907140653,16,RSI Exit
M&M,2020-05-29,2020-06-12,429.8436,461.15186275302307,216,6762.5847546529985,0.07283640550428841,10,Stop/Trailing Stop
HEROMOTOCO,2020-05-29,2020-06-26,2199.3581777343747,2538.4175912109376,42,14240.495366015646,0.15416289029640382,20,Max Holding
BRITANNIA,2020-05-29,2020-06-26,3220.0739999999996,3453.634782421875,40,9342.431296875002,0.0725327375774206,20,Max Holding
ADANIPORTS,2020-05-29,2020-06-26,329.7636,342.9254521972656,343,4514.515303662105,0.0399129928144453,20,Max Holding
INDUSTOWER,2020-05-29,2020-06-26,214.27128610839839,220.42352609863278,378,2325.5467163085996,0.028712386535646284,20,Max Holding
M&M,2020-06-15,2020-07-13,457.3656,555.4052956054687,210,20588.33607714843,0.21435738849941646,20,Max Holding
INFY,2020-06-29,2020-07-27,710.7681722167968,947.6912521972656,233,55203.07763544924,0.3333338340707287,20,Max Holding
HEROMOTOCO,2020-07-03,2020-07-27,2552.04,2709.7721276554566,58,9148.463404016482,0.061806291302431225,16,Stop/Trailing Stop
HDFCBANK,2020-06-30,2020-07-28,518.9147999999999,542.8903521972657,261,6257.619123486365,0.046203253785141174,20,Max Holding
TCS,2020-07-03,2020-07-31,2103.6816,2279.574782421875,98,17237.531877343776,0.08361207438515186,20,Max Holding
RELIANCE,2020-07-14,2020-08-04,879.098407470703,935.2204427624346,214,12010.115552430536,0.06384044700206308,15,Stop/Trailing Stop
HCLTECH,2020-07-28,2020-08-25,684.5472,701.0386956054688,251,4139.365396972687,0.02409110081155671,20,Max Holding
TECHM,2020-07-28,2020-08-25,657.5255999999999,738.0090956054687,261,21006.19235302735,0.12240359250722524,20,Max Holding
ULTRACEMCO,2020-07-29,2020-08-26,3880.1015999999995,4076.3861824218748,51,10010.513703515637,0.05058748524056052,20,Max Holding
SUNPHARMA,2020-08-03,2020-08-31,514.6614,519.8338,349,1805.1676000000152,0.010050102844316757,20,Max Holding
JSWSTEEL,2020-08-05,2020-08-31,221.7272430541992,272.4919821253813,719,36499.847392179945,0.22895129336350042,18,Stop/Trailing Stop
TMPV,2020-08-27,2020-09-10,130.6044,139.25932998007391,1132,9797.380737443658,0.06626828789898276,10,Stop/Trailing Stop
ICICIBANK,2020-08-26,2020-09-14,382.806,360.1199510251974,547,-12409.268789217022,-0.059262521942714065,13,Stop/Trailing Stop
BAJFINANCE,2020-08-26,2020-09-21,352.782,332.7486026367187,530,-10617.700602539087,-0.05678690342274067,18,RSI Exit
JSWSTEEL,2020-09-03,2020-09-21,288.7308,270.1205509279336,672,-12506.087376428593,-0.06445536490068382,12,Stop/Trailing Stop
TITAN,2020-09-04,2020-09-22,1122.1970888671874,1103.5663912109376,184,-3428.0483687499654,-0.01660198359189895,12,RSI Exit
RELIANCE,2020-09-11,2020-10-12,1008.3063054199218,1031.5722748046874,196,4560.129999414057,0.023074307142288666,20,Max Holding
HCLTECH,2020-09-15,2020-10-14,745.5959999999999,889.7376521972656,232,33440.86330976564,0.19332406852674333,20,Max Holding
HEROMOTOCO,2020-09-30,2020-10-22,3107.484,3079.0348,65,-1849.198000000004,-0.009155059205453692,15,RSI Exit
INFY,2020-10-13,2020-10-29,1123.8983999999998,1064.037181019023,211,-12630.71720498614,-0.05326212670200169,12,Stop/Trailing Stop
GRASIM,2020-10-05,2020-11-02,746.8298354003906,784.1019525390625,208,7752.600364843733,0.04990710784698291,20,Max Holding
TCS,2020-10-06,2020-11-03,2622.0959999999995,2631.493217578125,75,704.7913183594355,0.00358385718071566,20,Max Holding
JSWSTEEL,2020-10-19,2020-11-14,291.73319999999995,341.67645219726563,590,29466.51879638675,0.17119495551848637,20,Max Holding
HDFCLIFE,2020-11-04,2020-11-17,590.8723444335938,638.39132374467,415,19720.376414096652,0.08042173535237572,9,Stop/Trailing Stop
AXISBANK,2020-10-23,2020-11-20,496.3968,592.4578099663203,353,33909.53651811107,0.19351657779889053,20,Stop/Trailing Stop
ICICIBANK,2020-11-04,2020-11-26,425.34,466.01065612107624,379,15414.178669887915,0.09561916612845323,16,Stop/Trailing Stop
ASIANPAINT,2020-10-30,2020-11-27,2163.7295999999997,2213.5278087890624,107,5328.408340429713,0.02301498708020759,20,Max Holding
HDFCLIFE,2020-11-18,2020-12-17,639.2109722167968,654.0263478027343,414,6133.565492578142,0.02317759899295457,20,Max Holding
TATASTEEL,2020-11-18,2020-12-17,50.64047847290038,63.479174780273446,3711,47644.40199666144,0.25352636259634737,20,Max Holding
BAJAJFINSV,2020-11-23,2020-12-21,784.927427783203,873.8811794309079,224,19925.640369085886,0.11332735804497059,19,Stop/Trailing Stop
TMPV,2020-12-01,2020-12-21,174.78971389160154,164.4183630493164,1001,-10381.72219312741,-0.05933616235974317,14,RSI Exit
JSWSTEEL,2020-11-27,2020-12-22,338.77079999999995,346.86561407109116,637,5156.396563285089,0.02389466291395596,16,Stop/Trailing Stop
BAJFINANCE,2020-12-18,2020-12-22,514.3961733398437,485.46891421032365,502,-14521.48408301908,-0.056235369990610025,2,Stop/Trailing Stop
WIPRO,2020-12-24,2021-01-08,187.1496,204.32304057305657,1403,24094.337123998383,0.09176317006852582,10,Stop/Trailing Stop
INFY,2020-12-23,2021-01-14,1182.9455999999998,1318.6275256213778,228,30935.479041674174,0.11469836450752934,15,Stop/Trailing Stop
DIVISLAB,2020-12-18,2021-01-15,3714.2690888671873,3641.8842087890625,74,-5356.481125781254,-0.019488324175296,19,RSI Exit
HCLTECH,2020-12-23,2021-01-15,879.8533444335936,996.9536525869567,275,32202.584742174833,0.1330907120990106,16,Stop/Trailing Stop
CIPLA,2020-12-24,2021-01-18,796.9870555664062,801.1086,306,1261.192596679699,0.005171406994389225,16,RSI Exit
UPL,2021-01-11,2021-01-18,485.388,523.7388669174742,483,18523.46872114006,0.0790107438121137,5,Stop/Trailing Stop
HDFCBANK,2021-01-20,2021-01-27,746.4967444335937,713.602944878259,405,-13321.988819910563,-0.04406422372316302,4,Stop/Trailing Stop
ITC,2021-01-18,2021-01-29,207.09602534179686,196.30617866740917,1412,-15235.263504235423,-0.05210069414214898,8,Stop/Trailing Stop
TMPV,2021-01-18,2021-02-01,246.19679999999997,258.74723188926976,681,8546.844116592722,0.05097723402282152,9,Stop/Trailing Stop
UPL,2021-01-19,2021-02-02,525.3699722167968,540.7304331386481,397,6098.102985974954,0.029237416933133538,9,Stop/Trailing Stop
TCS,2021-01-15,2021-02-15,3157.524,3137.338217578125,92,-1857.0919828125043,-0.006392914961810282,20,Max Holding
ICICIBANK,2021-02-02,2021-02-19,552.4416,633.9851888911428,397,32372.804789783666,0.14760580827211914,13,Stop/Trailing Stop
LT,2021-02-02,2021-02-22,1346.8265999999999,1477.5656336445297,170,22225.6357195701,0.09707191233417131,14,Stop/Trailing Stop
BAJAJFINSV,2021-02-02,2021-02-26,875.6999999999999,986.945450570752,208,23139.05371871643,0.12703602897196767,18,Stop/Trailing Stop
SBIN,2021-02-03,2021-03-03,315.25199999999995,404.7259478027344,590,52789.62920361335,0.2838172249588726,20,Max Holding
HINDALCO,2021-02-23,2021-03-10,310.248,332.907795258793,680,15408.660775979253,0.07303768359116906,11,Stop/Trailing Stop
ADANIPORTS,2021-02-16,2021-03-17,618.4443722167969,696.9281719702659,344,26998.427115193364,0.12690518869489598,20,Stop/Trailing Stop
RELIANCE,2021-03-04,2021-03-18,979.6473492187499,926.4575813476561,297,-15797.36105771485,-0.054294811202736985,9,RSI Exit
TATASTEEL,2021-02-24,2021-03-25,69.01516708374022,72.25715043945313,2718,8811.710760827671,0.04697494033129285,20,Max Holding
NTPC,2021-03-03,2021-03-25,108.53675694580079,102.9176,2122,-11923.85103898929,-0.05177192597164843,15,RSI Exit
JSWSTEEL,2021-03-22,2021-04-01,420.4360861083984,473.0874625234853,495,26062.43132546803,0.12523039328625124,7,Stop/Trailing Stop
JSWSTEEL,2021-04-05,2021-04-08,470.92642778320317,566.9639308935497,466,44753.47644942146,0.20393313571808833,3,Stop/Trailing Stop
ITC,2021-03-22,2021-04-12,211.04713597412103,200.07136242021826,1529,-16781.957763917337,-0.05200626629327317,13,Stop/Trailing Stop
INFY,2021-03-12,2021-04-13,1357.9855444335935,1396.0323043945311,240,9131.222390624986,0.028017058146820317,20,Max Holding
TITAN,2021-03-31,2021-04-22,1511.2079999999999,1479.6652956054688,200,-6308.540878906206,-0.020872510200138587,13,RSI Exit
JSWSTEEL,2021-04-09,2021-04-29,572.4576,670.804680819867,368,36191.72574171107,0.17179801756473673,12,Stop/Trailing Stop
TATASTEEL,2021-03-31,2021-05-03,78.0624,106.3898184753418,2454,69515.48493848878,0.36288172635406807,20,Max Holding
DIVISLAB,2021-04-28,2021-05-27,3821.404777734375,4075.9365912109374,82,20871.608705078135,0.06660687058319659,20,Max Holding
BAJAJFINSV,2021-04-29,2021-05-28,1020.8159999999999,1170.3828903320311,273,40831.76106064452,0.14651699261378273,20,Max Holding
ICICIBANK,2021-04-29,2021-05-28,598.4784,642.5355478027344,421,18548.059224951197,0.07361526799084886,20,Max Holding
JSWSTEEL,2021-04-30,2021-05-31,672.5375999999999,710.3313043945312,324,12245.160223828163,0.056195674999481623,20,Max Holding
SBILIFE,2021-05-04,2021-06-02,922.6875722167968,983.6125043945311,330,20105.227618652338,0.06602986104100175,20,Max Holding
ADANIPORTS,2021-06-03,2021-06-14,803.5923722167968,747.6516588613242,344,-19243.605394282582,-0.06961329560801341,7,Stop/Trailing Stop
M&M,2021-05-31,2021-06-18,829.6632,780.0876243571388,387,-19185.74777378724,-0.059753856315262734,14,Stop/Trailing Stop
WIPRO,2021-05-28,2021-06-25,263.8359,273.531,1349,13078.689900000056,0.03674670505416451,20,Max Holding
RELIANCE,2021-06-01,2021-06-25,970.8486899414063,970.4263454589843,384,-162.18028125003912,-0.0004350260620400762,18,RSI Exit
ASIANPAINT,2021-06-01,2021-06-29,2940.3504,2999.0987999999998,127,7461.046800000011,0.019980067681729392,20,Max Holding
INFY,2021-06-15,2021-07-13,1472.1768,1543.7139912109374,258,18456.595332421886,0.04859279891582149,20,Max Holding
HINDUNILVR,2021-06-21,2021-07-14,2421.9359999999997,2412.9182175781248,143,-1289.5428863281268,-0.0037233776705391944,17,RSI Exit
MARUTI,2021-06-28,2021-07-19,7546.031999999999,7234.675502024865,49,-15256.468400781625,-0.04126095648350487,15,Stop/Trailing Stop
DRREDDY,2021-07-02,2021-07-20,1086.0681111328124,1067.955010546875,348,-6303.359003906255,-0.01667768383977762,12,RSI Exit
AXISBANK,2021-06-28,2021-07-27,738.1400277832031,731.1146521972656,504,-3540.789295312483,-0.009517673234760366,20,RSI Exit
LT,2021-07-15,2021-07-28,1514.7608888671873,1569.3844850241958,246,13437.404654624057,0.03606087043735237,8,Stop/Trailing Stop
HINDALCO,2021-07-28,2021-07-29,404.3232,429.16700932817196,858,21315.988403571595,0.06144542120801385,1,Stop/Trailing Stop
TATASTEEL,2021-07-29,2021-07-29,133.30655694580076,137.07276646619817,2528,9520.977667564643,0.028252245100956707,0,Stop/Trailing Stop
ASIANPAINT,2021-07-22,2021-07-30,2998.3967999999995,2956.0831912109375,125,-5289.201098632708,-0.014112077757374098,6,RSI Exit
GRASIM,2021-07-14,2021-08-09,1535.127999609375,1504.95620390625,243,-7331.74635585933,-0.01965425404969635,17,RSI Exit
DIVISLAB,2021-07-20,2021-08-18,4753.75015546875,4906.52183515625,74,11305.104296875012,0.032137086445687614,20,Max Holding
HINDALCO,2021-07-30,2021-08-20,420.83639999999997,403.32707390136716,662,-11591.173877294932,-0.04160601625390016,14,RSI Exit
SUNPHARMA,2021-08-02,2021-08-20,703.5123722167968,754.4383530654485,473,24087.988941412186,0.07238818087616805,13,Stop/Trailing Stop
TATASTEEL,2021-07-30,2021-08-30,137.60999999999999,143.94474956054688,2201,13942.783782763698,0.04603407863198087,20,Max Holding
BAJFINANCE,2021-08-20,2021-08-31,643.9147444335937,713.8502432005432,600,41961.29926016973,0.10860987323479737,7,Stop/Trailing Stop
TECHM,2021-08-10,2021-09-08,1291.4323444335937,1426.7076956054686,299,40447.33000039059,0.10474830660308804,20,Max Holding
HINDUNILVR,2021-08-23,2021-09-17,2491.9919999999997,2705.390213267659,158,33716.917696290126,0.0856335868123409,18,Stop/Trailing Stop
BRITANNIA,2021-08-23,2021-09-21,3642.912,4072.289608789062,107,45943.40414042969,0.11786658826484486,20,Max Holding
AXISBANK,2021-08-31,2021-09-21,756.6048,772.8114038504709,469,7600.89720587089,0.021420170544081907,14,Stop/Trailing Stop
BAJFINANCE,2021-09-01,2021-09-21,716.5727999999999,742.6324810535358,550,14332.824579444714,0.03636710890161592,13,Stop/Trailing Stop
ONGC,2021-09-22,2021-10-05,129.70368610839841,153.1434450893027,2785,65279.728761818435,0.18071775509382798,9,Stop/Trailing Stop
GRASIM,2021-09-09,2021-10-08,1557.0583716796873,1591.1940431640624,272,9284.902643750014,0.021923180341370866,20,Max Holding
KOTAKBANK,2021-09-20,2021-10-19,383.5065722167969,406.7443513183594,1096,25468.605895312503,0.06059290970488544,20,Max Holding
ITC,2021-09-22,2021-10-19,226.41792802734372,239.24035392311765,1892,24260.029794804228,0.05663167226857311,18,Stop/Trailing Stop
BAJFINANCE,2021-09-22,2021-10-21,748.7134822265624,773.1109964843749,556,13565.017927343783,0.03258591548967167,20,Max Holding
INFY,2021-10-20,2021-10-22,1815.4511999999997,1727.9496343926414,249,-21787.889836232178,-0.04819824713953102,2,Stop/Trailing Stop
RELIANCE,2021-10-11,2021-11-02,1194.0468811523438,1153.1954793945313,375,-15319.275659179664,-0.03421256099960481,15,RSI Exit
ONGC,2021-10-06,2021-11-04,150.11999999999998,151.9283630493164,2104,3804.7958557617967,0.01204611676869467,20,Max Holding
ICICIBANK,2021-10-26,2021-11-17,800.6399999999999,756.2414886166941,529,-23486.812521768734,-0.05545377620816565,15,Stop/Trailing Stop
SBIN,2021-11-04,2021-11-17,524.4191999999999,492.26159834320816,708,-22767.58197300858,-0.06132041248068679,8,Stop/Trailing Stop
LT,2021-10-20,2021-11-18,1811.2478888671874,1895.4823999999999,250,21058.62778320315,0.04650634054596225,20,Max Holding
KOTAKBANK,2021-10-22,2021-11-22,406.52497221679687,390.7771243408203,1095,-17243.893424194306,-0.038737713430254714,19,RSI Exit
ULTRACEMCO,2021-11-09,2021-11-22,7946.351999999999,7564.175573640601,56,-21401.879876126302,-0.04809457551835085,8,Stop/Trailing Stop
TMPV,2021-11-18,2021-11-22,520.6662,481.2748754898593,561,-22098.53305018897,-0.07565562064551293,1,Stop/Trailing Stop
MARUTI,2021-11-18,2021-11-25,8041.427999999999,7590.333774655727,49,-22103.617041869322,-0.05609628356359989,4,Stop/Trailing Stop
NESTLEIND,2022-01-03,2022-01-19,969.5249999999999,935.1633355568484,434,-14912.962368327717,-0.03544175183017604,12,Stop/Trailing Stop
LT,2022-01-04,2022-01-19,1896.5159999999998,1987.5563055048183,215,19573.665683535975,0.048003974395585645,11,Stop/Trailing Stop
SUNPHARMA,2022-01-03,2022-01-21,835.1175722167968,808.103,505,-13642.358969482419,-0.032348226304336314,14,RSI Exit
TITAN,2022-01-03,2022-01-24,2449.2578888671874,2401.1276087890624,170,-8182.147613281268,-0.019650964603154127,15,RSI Exit
TCS,2022-01-04,2022-01-27,3752.9999999999995,3627.8749174746963,113,-14139.13432535925,-0.0333400166600861,16,Stop/Trailing Stop
POWERGRID,2022-01-21,2022-02-14,155.44925694580076,151.2663869506836,2702,-11302.114726806583,-0.026908266255499528,15,RSI Exit
ONGC,2022-01-20,2022-02-15,165.4322430541992,156.28248567581585,2379,-21767.272803173983,-0.05530818665975343,17,Stop/Trailing Stop
SUNPHARMA,2022-02-02,2022-02-23,848.0779444335936,839.5778,413,-3510.5596510741743,-0.010022833973439362,15,RSI Exit
AXISBANK,2022-02-03,2022-02-24,790.632,746.9163981531586,491,-21464.360506799072,-0.055291971292385445,15,Stop/Trailing Stop
BAJAJ-AUTO,2022-02-04,2022-03-02,3552.8399999999997,3360.5526909223418,112,-21536.178616697667,-0.054122141463634095,17,Stop/Trailing Stop
TITAN,2022-03-21,2022-04-07,2602.180177734375,2456.383417578125,125,-18224.59501953126,-0.05602869524707167,13,RSI Exit
RELIANCE,2022-03-23,2022-04-08,1136.2439619140623,1181.2949080544736,329,14821.761280195322,0.03964900818000444,12,Stop/Trailing Stop
ITC,2022-03-21,2022-04-20,236.34389223632812,249.72471237792965,1688,22586.824399023433,0.05661589142410176,20,Max Holding
JSWSTEEL,2022-03-24,2022-04-25,703.4623444335937,715.1274521972656,419,4887.680152978515,0.016582419593566534,20,Max Holding
UPL,2022-03-25,2022-04-26,795.636,811.7000956054687,459,7373.4198829101515,0.020190257360738754,20,Max Holding
BPCL,2022-04-12,2022-04-27,192.72905694580078,183.75141924653977,2130,-19122.368299425987,-0.046581651161120535,9,Stop/Trailing Stop
GRASIM,2022-04-11,2022-05-04,1670.6977945312499,1614.5325351562499,212,-11907.034987499996,-0.03361784492614258,14,RSI Exit
RELIANCE,2022-04-22,2022-05-06,1270.555548925781,1211.4471413070526,320,-18914.69043799315,-0.04652170278481967,9,Stop/Trailing Stop
DRREDDY,2022-07-12,2022-07-25,876.5306811035156,865.4170973632812,446,-4956.658348144556,-0.01267905845148842,9,RSI Exit
EICHERMOT,2022-07-12,2022-08-02,2931.3432,2958.9515094500975,114,3147.3472773111425,0.009418313573824362,15,Stop/Trailing Stop
SBILIFE,2022-07-19,2022-08-08,1166.3823111328124,1250.8995320151541,343,28989.406762643193,0.07246099334296055,14,Stop/Trailing Stop
ICICIBANK,2022-07-12,2022-08-10,755.6039999999999,848.071,520,48082.840000000084,0.12237494772394028,20,Max Holding
ITC,2022-07-12,2022-08-10,282.3598625976562,299.419482836914,1400,23883.468334960926,0.06041800729860325,20,Max Holding
APOLLOHOSP,2022-07-26,2022-08-22,4147.3152,4021.6799824218747,92,-11558.440017187502,-0.030293144243805012,17,RSI Exit
HDFCBANK,2022-08-10,2022-08-30,714.5712,729.4692891869765,589,8774.974531129235,0.020848991936670037,13,Stop/Trailing Stop
INDUSINDBK,2022-08-03,2022-09-05,1033.8264,1107.1136,337,24697.786399999983,0.07088927115809768,20,Max Holding
HINDALCO,2022-08-11,2022-09-12,423.38842778320316,430.80507390136717,714,5295.485328369075,0.0175173567142503,20,Max Holding
LT,2022-08-11,2022-09-12,1831.464,1960.3305043945313,232,29897.02901953127,0.0703625648085528,20,Max Holding
EICHERMOT,2022-08-24,2022-09-22,3363.6888,3745.7509999999997,110,42026.842000000004,0.11358428877249288,20,Max Holding
AXISBANK,2022-09-13,2022-09-26,789.6311999999999,755.1634811804697,551,-18991.71306956117,-0.043650401376655656,9,Stop/Trailing Stop
ADANIPORTS,2022-09-13,2022-09-26,915.4317722167968,861.9970345630235,419,-22389.155076930998,-0.05837107611458192,9,Stop/Trailing Stop
TITAN,2022-09-01,2022-09-29,2547.0359999999996,2529.4748,165,-2897.59799999994,-0.006894759241722393,20,RSI Exit
ITC,2022-09-06,2022-10-04,313.1978066894531,320.249942578125,1366,9633.217623925826,0.022516555793330808,20,Max Holding
BRITANNIA,2022-09-23,2022-10-24,3767.0111999999995,3789.665791210937,116,2627.9325804687687,0.0060139431523159965,20,Max Holding
AXISBANK,2022-10-20,2022-11-02,819.1047722167968,868.64073200859,511,25312.875453606306,0.06047573091013834,8,Stop/Trailing Stop
SUNPHARMA,2022-10-18,2022-11-14,977.081027783203,1008.7117122733094,435,13759.347753196314,0.03237263194217375,17,Stop/Trailing Stop
COALINDIA,2022-10-19,2022-11-15,238.69079999999997,231.96427390136722,1750,-11771.420672607317,-0.02818091899073091,17,RSI Exit
ITC,2022-11-03,2022-11-18,335.8444190185547,328.1395303955078,1317,-10147.338316552748,-0.022941839097886593,10,RSI Exit
NESTLEIND,2022-10-20,2022-11-21,970.1680311035155,987.2945539550781,440,7535.670054687478,0.01765315110629024,20,Max Holding
ONGC,2022-11-16,2022-11-22,140.112,133.92439217046012,3097,-19163.021448085026,-0.044161869286998154,4,Stop/Trailing Stop
ICICIBANK,2022-10-25,2022-11-24,925.7399999999999,938.0988956054689,475,5870.475412597763,0.013350287991735236,20,Max Holding
HCLTECH,2022-11-25,2022-12-09,1106.8847999999998,1065.8010194475955,390,-16022.67441543768,-0.037116582098159004,10,Stop/Trailing Stop
INFY,2022-11-25,2022-12-12,1590.2712,1545.9621912109374,272,-12052.050390625023,-0.02786254872066009,11,RSI Exit
HINDALCO,2022-11-15,2022-12-13,435.34799999999996,457.7335260986328,737,16498.132734692423,0.05141984366215733,20,Max Holding
INDUSINDBK,2022-11-24,2022-12-22,1176.9407999999999,1179.2059043945312,364,824.4979996093898,0.001924569523404483,20,Max Holding
APOLLOHOSP,2022-11-25,2022-12-23,4633.704,4696.389782421875,80,5014.862593750004,0.013528223300814005,20,Max Holding
HINDUNILVR,2022-12-12,2022-12-23,2726.879711132812,2626.632064700496,157,-15738.880489873642,-0.03676276809095876,9,Stop/Trailing Stop
BPCL,2022-12-13,2022-12-23,169.1101861083984,161.41449493537823,2545,-19585.534035336343,-0.04550696412862612,8,Stop/Trailing Stop
ONGC,2022-12-15,2022-12-23,144.46548610839844,139.68816304931642,2986,-14265.086654418963,-0.033068957768206404,6,RSI Exit
JSWSTEEL,2022-12-30,2023-01-06,756.6048,727.7672956054687,551,-15889.464921386738,-0.038114355598234756,5,RSI Exit
AXISBANK,2023-01-04,2023-01-16,945.5057999999999,912.4195043945311,441,-14591.056362011703,-0.03499322331546641,8,RSI Exit
LT,2023-01-19,2023-01-27,2222.7767999999996,2129.8565966110505,191,-17747.75884728931,-0.04180365900388617,5,Stop/Trailing Stop
HDFCLIFE,2023-01-04,2023-01-31,570.4559999999999,578.3868956054687,725,5749.899313964881,0.01390272975561446,18,RSI Exit
TATASTEEL,2023-01-03,2023-02-01,114.4915215270996,121.95236304931639,3007,22434.75045730587,0.06516501329271651,20,Max Holding
HINDALCO,2023-01-03,2023-02-01,476.3307722167969,467.4757260986328,708,-6269.372651660233,-0.018590119796278646,20,Max Holding
TCS,2023-01-19,2023-02-17,3382.7039999999997,3498.348982421875,126,14571.267785156262,0.03418714212708978,20,Max Holding
TECHM,2023-02-17,2023-03-09,1075.86,1059.152,372,-6215.375999999989,-0.015529901660067269,13,RSI Exit
ONGC,2023-02-17,2023-03-20,150.11999999999998,152.1781630493164,2790,5742.2749075928,0.013710118900322516,20,Max Holding
TMPV,2023-04-11,2023-05-08,452.41162778320313,479.2615278565146,914,24540.80866700667,0.05934838634646676,17,Stop/Trailing Stop
TITAN,2023-04-06,2023-05-09,2562.048,2746.201182421875,161,29648.66236992192,0.07187733501553262,20,Max Holding
BAJAJ-AUTO,2023-04-06,2023-05-09,3997.1951999999997,4525.227017578125,103,54387.27721054695,0.13210058332355792,20,Max Holding
LT,2023-04-06,2023-05-09,2171.736,2372.450617578125,191,38336.49195742182,0.09242127845102938,20,Max Holding
DRREDDY,2023-04-06,2023-05-09,930.7439999999999,985.8607043945311,450,24802.516977538995,0.059217899223128055,20,Max Holding
DIVISLAB,2023-05-10,2023-05-18,3306.5430222656246,3164.934871912551,137,-19400.31659837108,-0.04282664686335896,6,Stop/Trailing Stop
TMPV,2023-05-10,2023-05-19,502.4016,505.64386014857723,900,2918.034133719513,0.006453522736745339,7,Stop/Trailing Stop
BAJFINANCE,2023-05-09,2023-06-06,639.9565633300781,710.825903515625,685,48545.49802709959,0.11074085999957736,20,Max Holding
BPCL,2023-05-11,2023-06-06,184.1472,177.34639123968034,2482,-16879.6073431134,-0.03693137207798794,18,Stop/Trailing Stop
INDUSINDBK,2023-05-11,2023-06-08,1155.924,1302.8068956054688,337,49499.535819043,0.12706968244060063,20,Max Holding
ICICIBANK,2023-05-22,2023-06-15,952.2111722167967,925.8586956054688,478,-12596.483820214751,-0.02767503404730907,18,RSI Exit
ADANIPORTS,2023-05-23,2023-06-20,699.4591444335937,737.2097478027343,517,19517.06194184569,0.05397113422501638,20,Max Holding
ULTRACEMCO,2023-06-07,2023-06-26,7894.310399999999,8094.7983304707495,59,11828.78789777431,0.025396509677495203,13,Stop/Trailing Stop
AXISBANK,2023-06-07,2023-07-06,951.8608555664063,980.1652521972657,492,13925.763142382842,0.02973585526218206,20,Max Holding
JSWSTEEL,2023-06-09,2023-07-10,730.3337999999999,809.9514956054687,643,51194.17827431648,0.10901548799394041,20,Max Holding
APOLLOHOSP,2023-06-16,2023-07-17,5043.98215546875,5215.12436484375,94,16087.367681250093,0.03392997915138269,20,Max Holding
HDFCLIFE,2023-06-21,2023-07-20,627.5015999999999,660.5211478027344,697,23014.624818505952,0.052620659138932095,20,Max Holding
ITC,2023-07-21,2023-07-25,462.472709765625,446.47865613829043,1028,-16441.88712889992,-0.034583778219995136,2,Stop/Trailing Stop
DRREDDY,2023-06-27,2023-07-26,998.7783644531249,1094.2539008789063,478,45637.30641152349,0.09559231539627755,20,Max Holding
M&M,2023-07-07,2023-07-27,1479.032255566406,1446.2421043945312,326,-10689.58928203123,-0.0221700041013086,14,RSI Exit
CIPLA,2023-07-27,2023-07-27,1060.848,1113.3167781926054,463,24293.044303176343,0.04945927992757256,0,Stop/Trailing Stop
NTPC,2023-07-26,2023-07-28,196.6572,201.25265902577087,2335,10730.396825174976,0.02336786563507905,2,Stop/Trailing Stop
RELIANCE,2023-07-11,2023-08-08,1241.9196213867187,1253.3214912109374,401,4572.14979951171,0.009180843613282702,20,Max Holding
NTPC,2023-07-31,2023-08-08,202.0114861083984,214.69731200347513,2452,31105.645094728097,0.06279754750316305,6,Stop/Trailing Stop
WIPRO,2023-07-18,2023-08-16,203.66279999999998,209.15753695068358,2446,13440.126581372053,0.02697958071225372,20,Max Holding
SBILIFE,2023-08-09,2023-08-21,1307.9455444335936,1277.5272087890626,399,-12136.915922167886,-0.023256576524907018,7,RSI Exit
CIPLA,2023-07-28,2023-08-25,1115.8919999999998,1211.6131565620085,437,41830.145417597785,0.08577994695007105,19,Stop/Trailing Stop
SUNPHARMA,2023-07-28,2023-08-25,1128.9024,1105.4150087890625,448,-10522.351262499986,-0.020805510920109186,19,RSI Exit
DRREDDY,2023-08-10,2023-08-31,1135.1273466796874,1120.6726903320312,446,-6446.776731054706,-0.012733951296246179,14,RSI Exit
ADANIPORTS,2023-08-22,2023-08-31,840.7720555664062,792.2270096293222,549,-26651.230219459103,-0.0577386529626992,7,Stop/Trailing Stop
LT,2023-08-17,2023-09-07,2671.1351999999997,2749.1972621178084,191,14909.853864501521,0.029224302131097304,15,Stop/Trailing Stop
INFY,2023-08-31,2023-09-28,1428.1416,1438.2983912109376,354,3595.504088671936,0.007111893674225073,19,RSI Exit
M&M,2023-08-31,2023-09-29,1570.2551999999998,1553.0066,322,-5554.049200000009,-0.010984583907125433,20,Max Holding
NTPC,2023-09-04,2023-10-04,218.0242861083984,233.25412330959887,2334,35546.44002760184,0.06985385652692104,20,Stop/Trailing Stop
TATASTEEL,2023-09-04,2023-10-04,123.59879999999998,125.19976304931639,3964,6346.217527490226,0.012952901236228866,20,Max Holding
SUNPHARMA,2023-10-03,2023-10-05,1135.2074888671873,1118.2046956054687,472,-8025.318419531221,-0.014977696525492103,2,RSI Exit
ONGC,2023-10-03,2023-10-05,188.65079999999998,181.55719683194002,2510,-17804.943951830443,-0.03760176563290449,2,Stop/Trailing Stop
COALINDIA,2023-09-08,2023-10-10,256.2048,288.2423412062142,2049,65644.92193153291,0.125046608050334,20,Stop/Trailing Stop
GRASIM,2023-10-13,2023-10-23,1984.6015488281248,1903.0904048034315,257,-20948.364014346153,-0.041071793011964654,6,Stop/Trailing Stop
BHARTIARTL,2023-10-12,2023-10-25,949.2588,918.934051689217,565,-17133.48279559234,-0.03194571207639361,8,Stop/Trailing Stop
BAJAJFINSV,2023-10-09,2023-10-26,1560.597455566406,1558.752,335,-618.2276147460798,-0.0011825314464173691,12,RSI Exit
BAJFINANCE,2023-10-09,2023-10-26,785.6279999999999,752.6607549307488,671,-22121.021441467456,-0.041962920197919445,12,Stop/Trailing Stop
COALINDIA,2023-10-11,2023-10-26,288.4806,302.85608096579796,1797,25832.739295538922,0.04983170780218134,10,Stop/Trailing Stop
AXISBANK,2023-11-16,2023-11-17,1045.836,1009.0448623131435,499,-18358.777705741348,-0.035178687372452666,1,Stop/Trailing Stop
ONGC,2023-11-16,2023-11-22,198.65879999999999,190.40926605322653,2617,-21589.0303387061,-0.04152614405590613,4,Stop/Trailing Stop
CIPLA,2023-11-23,2023-11-23,1257.9555111328125,1213.4862461595706,396,-17609.828929403797,-0.035350427403586404,0,Stop/Trailing Stop
EICHERMOT,2023-11-16,2023-12-04,3691.9511999999995,3985.2485817006104,139,40768.33605638496,0.07944237770548301,11,Stop/Trailing Stop
BPCL,2023-11-16,2023-12-12,194.15519999999998,224.98593524583288,2599,80129.0809039197,0.15879428027594886,17,Stop/Trailing Stop
HINDALCO,2023-11-16,2023-12-15,497.39759999999995,556.8042,1046,62139.30360000016,0.11943483442622192,20,Max Holding
SBILIFE,2023-11-20,2023-12-19,1355.0831999999998,1426.2836664304082,371,26415.37304568157,0.05254324341886059,20,Stop/Trailing Stop
HDFCLIFE,2023-12-13,2023-12-20,677.4415444335937,647.3831091774605,825,-24798.209086309886,-0.04437052245041295,5,Stop/Trailing Stop
HEROMOTOCO,2023-11-24,2023-12-26,3422.685911132812,4064.1959912109373,140,89811.41121093748,0.18742884878554433,20,Max Holding
EICHERMOT,2023-12-05,2024-01-03,3953.16,3884.490017578125,140,-9613.797539062565,-0.017370908949264754,20,Max Holding
HCLTECH,2023-12-18,2024-01-16,1423.1375999999998,1554.2055912109374,396,51902.924519531196,0.09209790480620944,20,Max Holding
HDFCBANK,2023-12-22,2024-01-17,829.1628,805.1816909690422,682,-16355.11635911325,-0.02892207541264254,17,Stop/Trailing Stop
COALINDIA,2023-12-20,2024-01-18,346.7772,373.25350327818535,1463,38734.831695985165,0.07634960798514248,20,Stop/Trailing Stop
BAJAJ-AUTO,2024-01-04,2024-01-23,6649.36504453125,6978.53947827149,85,27979.826867920463,0.04950464165160691,12,Stop/Trailing Stop
HEROMOTOCO,2023-12-27,2024-01-25,3953.109911132812,4438.596182421875,145,70395.50933691417,0.12281122513741118,20,Max Holding
CIPLA,2024-01-24,2024-01-30,1386.108,1321.9236408607137,430,-27599.274429893005,-0.046305453210923005,3,Stop/Trailing Stop
TITAN,2024-01-17,2024-02-01,3761.8571777343745,3633.081967295564,156,-20088.932828454417,-0.03423181805013843,9,Stop/Trailing Stop
APOLLOHOSP,2024-01-19,2024-02-20,5963.767199999999,6754.04263515625,99,78237.26808046876,0.132512790766925,20,Max Holding
ONGC,2024-01-23,2024-02-21,236.1888,272.73165219726565,2248,82148.33173945325,0.15471881900100973,20,Max Holding
BAJAJ-AUTO,2024-01-29,2024-02-26,7365.887999999999,8441.2416,82,88178.99520000012,0.14599103326034849,20,Max Holding
TMPV,2024-01-31,2024-02-28,843.6743999999999,957.2835478027343,716,81344.14982675784,0.13465994440833387,20,Max Holding
POWERGRID,2024-02-02,2024-03-01,259.2072,287.4698521972656,2223,62827.87583452137,0.10903498127083497,20,Max Holding
NTPC,2024-02-21,2024-03-13,340.8724861083984,321.9130531830528,1761,-33387.561381533626,-0.05562030876060928,14,Stop/Trailing Stop
NESTLEIND,2024-02-22,2024-03-19,1270.7157111328124,1247.0266043945312,516,-12223.579076953,-0.018642334025415284,17,RSI Exit
SBILIFE,2024-02-27,2024-03-19,1532.3749444335936,1460.1808956054688,434,-31332.217191406176,-0.04711252235647175,14,RSI Exit
LT,2024-03-04,2024-04-04,3504.451222265625,3794.811817578125,190,55168.513109375024,0.08285479719839907,20,Max Holding
TATASTEEL,2024-03-04,2024-04-04,143.1144,163.26927390136717,4308,86827.19676708977,0.14083050972765265,20,Max Holding
MARUTI,2024-03-26,2024-04-15,11899.561844531248,12279.695651212889,55,20907.35936749028,0.03194519358343785,12,Stop/Trailing Stop
BAJAJFINSV,2024-04-08,2024-04-18,1659.8267999999998,1592.6249043945313,414,-27821.58478066395,-0.04048729397878651,6,RSI Exit
BHARTIARTL,2024-03-18,2024-04-19,1190.952,1287.9687999999999,542,52583.10559999989,0.0814615534463184,20,Max Holding
BAJAJ-AUTO,2024-03-28,2024-04-30,8966.1672,8896.5274703125,66,-4596.222159375087,-0.007766945243615502,20,Max Holding
EICHERMOT,2024-04-09,2024-05-10,4028.169911132812,4654.1238175781245,146,91389.27034101565,0.15539411699475217,20,Max Holding
HINDALCO,2024-04-16,2024-05-16,615.492,652.8272956054687,1099,41031.48987041018,0.060659270316216575,20,Max Holding
BHARTIARTL,2024-04-22,2024-05-22,1281.024,1346.8217043945313,542,35662.35578183597,0.051363365865535165,20,Max Holding
GRASIM,2024-04-24,2024-05-24,2280.272711132812,2439.0472,309,49061.31705996103,0.06962960530642431,20,Max Holding
M&M,2024-05-17,2024-05-30,2321.305511132812,2476.7996844012396,289,44937.81607457553,0.06698565635703216,8,Stop/Trailing Stop
POWERGRID,2024-05-02,2024-05-31,293.93497221679684,307.5266039608496,2440,33163.581455488806,0.04624026750388874,20,Stop/Trailing Stop
ULTRACEMCO,2024-05-27,2024-05-31,10173.132,9768.955248811208,74,-29909.07958797051,-0.03972982471757869,4,Stop/Trailing Stop
HEROMOTOCO,2024-05-15,2024-06-04,4918.831822265624,4995.129775881073,129,9842.436016392894,0.01551139709027616,13,Stop/Trailing Stop
COALINDIA,2024-05-23,2024-06-04,494.89559999999994,463.64520768877924,1249,-39031.739996714634,-0.06314542362312513,8,Stop/Trailing Stop
ADANIPORTS,2024-06-04,2024-06-04,1550.2391999999998,1440.07044044105,339,-37347.20949048392,-0.07106565203547274,0,Stop/Trailing Stop
SBIN,2024-06-04,2024-06-04,864.240827783203,818.1366525622368,795,-36652.8193006682,-0.053346444346102605,0,Stop/Trailing Stop
ADANIENT,2024-06-04,2024-06-04,3727.9799999999996,3462.7714087551412,134,-35537.95122681104,-0.07114002522676048,0,Stop/Trailing Stop
HEROMOTOCO,2024-06-06,2024-07-05,5319.2519999999995,5553.60336484375,99,23200.78511953121,0.04405720293826079,20,Max Holding
HINDUNILVR,2024-06-06,2024-07-05,2535.5768888671873,2544.9624,280,2627.943117187475,0.003701528900196574,20,Max Holding
M&M,2024-06-06,2024-07-05,2574.958222265625,2878.295617578125,203,61577.49124843755,0.11780284149449353,20,Max Holding
BAJAJ-AUTO,2024-06-06,2024-07-05,9248.3928,9628.09116484375,69,26199.187174218823,0.041055605341908816,20,Max Holding
BRITANNIA,2024-06-06,2024-07-05,5329.360177734375,5542.36236484375,125,26625.273388671805,0.03996768467616055,20,Max Holding
RELIANCE,2024-07-08,2024-07-22,1555.0680111328124,1499.4745087890624,480,-26684.881125000073,-0.03574988485760969,9,RSI Exit
KOTAKBANK,2024-07-08,2024-07-22,364.29119999999995,351.2288017578125,2062,-26934.665175390546,-0.035857023837488976,9,RSI Exit
ONGC,2024-07-08,2024-07-23,277.4718,309.932678945961,2331,75666.30882303522,0.11698802885900858,10,Stop/Trailing Stop
SBILIFE,2024-07-08,2024-07-23,1508.9561999999999,1585.6348443703246,494,37879.250318940496,0.050815685949217676,10,Stop/Trailing Stop
TATACONSUM,2024-07-23,2024-07-23,1171.3880214843748,1185.8041656737585,645,9298.413002152462,0.012306890564849403,0,Stop/Trailing Stop
APOLLOHOSP,2024-07-08,2024-07-26,6205.9608,6420.839650411083,121,26000.34089974116,0.034624590347248727,13,Stop/Trailing Stop
HDFCLIFE,2024-07-25,2024-08-16,640.1116555664062,674.4438125627721,1126,38658.00877790805,0.05363463811010744,15,Stop/Trailing Stop
TATACONSUM,2024-07-24,2024-08-22,1201.0434407226562,1204.8354087890625,628,2381.355945703108,0.0031572280717212294,20,Max Holding
ITC,2024-07-24,2024-08-22,449.6075063964843,485.450226586914,1684,60359.14080068364,0.07972002175342237,20,Max Holding
HINDUNILVR,2024-07-24,2024-08-22,2748.1967999999997,2790.5658087890624,278,11778.58444335952,0.015417021367997746,20,Max Holding
SBILIFE,2024-07-29,2024-08-27,1687.599,1837.4787912109375,434,65047.82938554685,0.08881244372089427,20,Max Holding
TECHM,2024-08-19,2024-09-16,1559.6467444335935,1647.6807999999999,464,40847.801782812574,0.05644486860925495,20,Max Holding
TITAN,2024-08-23,2024-09-20,3577.809911132812,3794.1621912109376,220,47597.501617187634,0.060470591074421785,20,Max Holding
ASIANPAINT,2024-08-23,2024-09-20,3169.5335999999998,3265.0705948387213,249,23788.71171484166,0.03014228807630294,20,Stop/Trailing Stop
BAJAJ-AUTO,2024-08-26,2024-09-23,9977.975999999999,12329.07903515625,79,185737.13977734384,0.23562925338327645,20,Max Holding
BAJAJFINSV,2024-08-28,2024-09-25,1687.5489111328125,1926.9572,476,113958.3455007812,0.14186746664810926,20,Max Holding
ICICIBANK,2024-09-17,2024-10-04,1252.0007999999998,1238.7582,658,-8713.63079999981,-0.010577149790958371,12,RSI Exit
KOTAKBANK,2024-09-23,2024-10-04,375.0998277832031,362.8444009822433,2049,-25111.369515166618,-0.032672440489743645,8,Stop/Trailing Stop
POWERGRID,2024-09-26,2024-10-04,354.1330861083984,339.42144264577996,2594,-38162.00314203219,-0.04154269691173465,5,Stop/Trailing Stop
M&M,2024-09-23,2024-10-07,2800.9389111328123,3007.4511604485515,314,64844.84628514212,0.07372965133045954,9,Stop/Trailing Stop
BAJAJ-AUTO,2024-09-24,2024-10-15,12009.599999999999,11497.953735254165,74,-37861.82359119167,-0.04260310624382439,14,Stop/Trailing Stop
TECHM,2024-10-15,2024-10-31,1649.3183999999999,1607.3631043945313,495,-20767.87132470694,-0.02543796007215379,12,RSI Exit
HCLTECH,2024-10-15,2024-10-31,1847.5268888671874,1766.273349614213,469,-38107.90990964498,-0.04397962473108851,12,Stop/Trailing Stop
BEL,2024-12-04,2024-12-19,309.24719999999996,298.2612,2426,-26652.035999999964,-0.03552497807579175,11,RSI Exit
ICICIBANK,2024-12-05,2024-12-19,1303.642055566406,1285.8705043945313,661,-11746.99532460922,-0.013632232172928315,10,RSI Exit
LT,2024-12-04,2024-12-20,3723.9767999999995,3626.946217578125,228,-22122.972792187356,-0.02605563558341029,12,RSI Exit
HDFCBANK,2024-12-05,2024-12-20,919.7352,882.8687180243734,935,-34470.1606472109,-0.040083800180341723,11,Stop/Trailing Stop
TCS,2024-12-06,2024-12-20,4404.320444531249,4215.463196368874,196,-37016.020639825496,-0.04287999716207638,10,Stop/Trailing Stop
M&M,2025-02-05,2025-02-12,3227.58,3032.3408567233414,217,-42366.89409103489,-0.06049087653184692,5,Stop/Trailing Stop
BAJFINANCE,2025-02-05,2025-03-06,843.174,840.4121539550781,856,-2364.140214453102,-0.0032755351148420707,20,Max Holding
BEL,2025-03-21,2025-04-02,295.04584555664053,276.26951544564906,2243,-42115.30843895383,-0.06363868664399452,7,Stop/Trailing Stop
JSWSTEEL,2025-03-21,2025-04-04,1038.8303999999998,1004.9454,795,-26938.574999999837,-0.03261841393936855,9,RSI Exit
EICHERMOT,2025-03-21,2025-04-07,5133.1032,5061.1978,159,-11432.958600000013,-0.014008173457334752,10,RSI Exit
ICICIBANK,2025-03-21,2025-04-07,1321.0559999999998,1278.967812307737,628,-26431.381870741025,-0.03185950307349786,10,Stop/Trailing Stop
HDFCLIFE,2025-03-21,2025-04-24,665.5319999999999,707.8333043945312,1236,52284.41223164066,0.0635601359431722,20,Max Holding
TATACONSUM,2025-04-03,2025-05-07,1018.8143999999999,1145.0832,732,92428.76160000009,0.12393699971260724,20,Max Holding
GRASIM,2025-04-16,2025-05-16,2677.14,2801.9565912109374,306,38193.87691054691,0.04662310944176906,20,Max Holding
BHARTIARTL,2025-04-16,2025-05-16,1809.6465111328123,1812.5488,454,1317.6391457032878,0.001603787728339867,20,Max Holding
HDFCBANK,2025-04-16,2025-05-16,933.2459999999999,966.5760956054688,821,27364.00849209004,0.03571415854498063,20,Max Holding
CIPLA,2025-04-25,2025-05-20,1534.9269111328124,1456.9160014964518,543,-42359.92393254372,-0.0508238594753587,16,Stop/Trailing Stop
TITAN,2025-05-12,2025-06-06,3369.6935999999996,3497.0140069798786,246,31320.8201170502,0.037783971510014704,19,Stop/Trailing Stop
TATASTEEL,2025-05-21,2025-06-12,158.4766861083984,152.76768739013673,5068,-28933.205504150246,-0.03602421818914564,16,RSI Exit
JIOFIN,2025-05-19,2025-06-13,274.3192861083984,288.9948899258475,2631,38611.513643708546,0.05349825754376585,19,Stop/Trailing Stop
BEL,2025-05-19,2025-06-16,351.8812861083984,403.5269260986328,1926,99469.50262119155,0.1467700671479438,20,Max Holding
ADANIENT,2025-05-19,2025-06-16,2531.0231999999996,2541.9647999999997,254,2779.1663999999873,0.004322994747736786,20,Max Holding
ONGC,2025-06-17,2025-06-25,254.1931974975586,242.89774336112453,3445,-38912.83950001537,-0.04443649258766084,6,Stop/Trailing Stop
DRREDDY,2025-06-09,2025-07-01,1296.1360555664062,1275.7786087890624,670,-13639.489340820233,-0.015706257603062754,16,RSI Exit
TITAN,2025-06-26,2025-07-08,3552.8399999999997,3438.5470087890626,235,-26858.852934570168,-0.032169473213242615,8,RSI Exit
TECHM,2025-06-16,2025-07-09,1606.2839999999999,1613.5082087890626,538,3886.624328515725,0.004497466692728489,17,RSI Exit
APOLLOHOSP,2025-07-02,2025-07-11,7480.98,7196.133153008164,114,-32472.54055706924,-0.038076140691705555,7,Stop/Trailing Stop
INFY,2025-06-18,2025-07-14,1621.9965111328124,1569.0438087890625,497,-26317.4930648437,-0.03264661913900629,18,RSI Exit
BEL,2025-06-17,2025-07-15,396.4669138916015,408.6228521972657,2203,26779.532087378087,0.030660662667522626,20,Max Holding
HINDUNILVR,2025-07-10,2025-07-22,2400.9192,2451.7521573677927,353,17944.03395083081,0.021172289916209036,8,Stop/Trailing Stop
ASIANPAINT,2025-07-09,2025-07-24,2442.4523999999997,2350.6512688045777,332,-30477.97555688012,-0.03758563777759683,11,Stop/Trailing Stop
HEROMOTOCO,2025-07-16,2025-07-25,4279.22044453125,4227.31563515625,196,-10173.342637500027,-0.01212950116681494,7,RSI Exit
SBIN,2025-07-17,2025-07-28,816.6528,796.5123043945313,1029,-20724.569978027255,-0.02466225010857572,7,RSI Exit
ETERNAL,2025-07-15,2025-08-06,265.16197221679687,296.15024784327795,3177,98449.75166533038,0.11686545912829842,16,Stop/Trailing Stop
ICICIBANK,2025-07-23,2025-08-07,1475.2792555664062,1434.0619120680424,585,-24112.145946542732,-0.027938672182127994,11,Stop/Trailing Stop
M&M,2025-08-19,2025-08-29,3352.68,3196.951279381476,255,-39710.823757723556,-0.04644902603843008,7,Stop/Trailing Stop
ASIANPAINT,2025-08-19,2025-09-16,2552.04,2478.9151824218748,336,-24569.938706250046,-0.02865347626922977,19,RSI Exit
MARUTI,2025-08-19,2025-09-17,13713.962399999999,15788.359199999999,61,126538.20480000007,0.15126166599377588,20,Max Holding
HEROMOTOCO,2025-08-19,2025-09-17,4903.919999999999,5345.72,161,71129.80000000016,0.09009119235224088,20,Max Holding
EICHERMOT,2025-08-19,2025-09-17,5884.704,6884.9875999999995,145,145041.12199999997,0.16998027428397416,20,Max Holding
DRREDDY,2025-09-10,2025-09-26,1258.5059999999999,1252.0974956054688,663,-4248.838413574034,-0.005092152436723363,12,RSI Exit
SBIN,2025-09-18,2025-10-17,834.9674277832031,888.4387043945312,1086,58069.80639990233,0.06403995513129379,20,Max Holding
BEL,2025-09-18,2025-10-17,405.82439999999997,412.46974780273445,2245,14918.80581713887,0.0163749340915294,20,Max Holding
MARUTI,2025-09-18,2025-10-17,15604.4736,16387.8792,58,45437.524800000014,0.050203910755438765,20,Max Holding
TATACONSUM,2025-09-18,2025-10-17,1103.982455566406,1165.0672,829,50639.25313544937,0.05533126375840272,20,Max Holding
HINDALCO,2025-10-06,2025-11-04,766.6127999999999,830.7349043945312,1105,70854.92535595712,0.08364340432944942,20,Max Holding
BHARTIARTL,2025-10-20,2025-11-11,1975.178855566406,2030.6393101185083,473,26232.79500314442,0.028078700010282575,14,Stop/Trailing Stop
TATACONSUM,2025-10-20,2025-11-19,1153.1217111328124,1161.1702956054687,818,6583.742098632851,0.006979822160099187,20,Max Holding
HDFCBANK,2025-10-20,2025-11-19,994.7451722167967,993.8042956054688,952,-895.7145339841954,-0.0009458468737588201,20,Max Holding
NESTLEIND,2025-10-20,2025-11-19,1264.9111444335936,1277.9768,749,9786.176019238308,0.010329307022001827,20,Max Holding
SBIN,2025-11-06,2025-12-04,951.7607999999999,947.3414956054688,1002,-4428.143003320205,-0.004643293141019407,20,Max Holding
TITAN,2025-11-20,2025-12-08,3886.0062222656247,3763.9864,240,-29284.75734374998,-0.03139980105190999,12,RSI Exit
M&M,2025-11-12,2025-12-10,3702.8598222656246,3627.096,257,-19471.30232226546,-0.020460893985251555,20,Max Holding
HCLTECH,2025-11-20,2025-12-18,1596.5762888671873,1660.0709043945312,601,38160.263931933674,0.03976923368465843,20,Max Holding
SUNPHARMA,2025-11-20,2025-12-18,1763.4096,1744.5033043945311,548,-10360.649991796934,-0.010721443052974679,20,RSI Exit
TECHM,2025-12-05,2026-01-01,1546.336055566406,1595.6440331432725,616,30373.714187349775,0.03188697398561631,18,Stop/Trailing Stop
WIPRO,2025-12-09,2026-01-07,260.21801777343745,270.58334780273435,3472,35988.42586171883,0.03983325258561312,20,Max Holding
KOTAKBANK,2025-12-12,2026-01-08,426.2407138916015,426.2587260986328,2187,39.39269677735865,4.225829782144544e-05,18,RSI Exit
HINDALCO,2025-12-19,2026-01-08,850.68,900.2446137766093,1135,56255.836636451655,0.05826469856656956,13,Stop/Trailing Stop
TCS,2025-12-19,2026-01-19,3230.5824,3161.069217578125,298,-20714.92836171866,-0.021517229345976347,20,RSI Exit
BAJAJ-AUTO,2026-01-02,2026-01-20,9372.491999999998,9172.655999999999,105,-20982.77999999991,-0.02132154393943459,12,RSI Exit
TITAN,2026-01-08,2026-01-20,4228.379999999999,4086.1412990936374,227,-32288.18510574405,-0.033639053468789815,8,Stop/Trailing Stop
GRASIM,2026-02-10,2026-02-27,2862.1878222656246,2797.5602087890625,340,-21973.388582031126,-0.022579794719902343,13,RSI Exit
NTPC,2026-02-05,2026-03-02,359.7375722167968,368.8381095825166,2665,24252.932079643244,0.02529771163362199,17,Stop/Trailing Stop
SBIN,2026-02-10,2026-03-02,1120.896,1179.8960060310865,860,50740.00518673437,0.052636467639358586,14,Stop/Trailing Stop
SHRIRAMFIN,2026-02-10,2026-03-04,1005.8039999999999,1009.192,724,2452.9120000001276,0.0033684495189919474,15,RSI Exit
POWERGRID,2026-02-09,2026-03-10,292.43377221679685,298.41107390136716,3282,19617.504128759727,0.020439847420013466,20,Max Holding
