Date,Open,High,Low,Close,Volume
2020-01-01,66199.0,66944.0,66100.0,66709.046875,4235
2020-01-02,66709.046875,67715.953125,66266.0,67302.546875,6603
2020-01-03,67400.0,67466.6484375,66250.0,66583.453125,5527
2020-01-06,66012.296875,66176.8984375,65120.1484375,65508.94921875,10446
2020-01-07,65749.0,66515.046875,65100.0,65334.1015625,10835
2020-01-08,64800.0,65237.8984375,64300.0,64871.55078125,7222
2020-01-09,65800.0,67150.0,65520.80078125,66917.703125,9491
2020-01-10,66725.0,68100.0,66329.546875,67493.6484375,9439
2020-01-13,67492.0,67900.0,66750.0,67016.703125,5981
2020-01-14,66701.0,67500.0,66452.0,66696.1015625,8147
2020-01-15,66798.0,66918.6015625,65819.546875,66271.703125,7937
2020-01-16,66499.0,67150.0,65897.0,67059.3984375,9044
2020-01-17,67460.0,70000.0,67139.953125,69312.8984375,22381
2020-01-20,69060.0,70220.25,68244.0,68510.75,9587
2020-01-21,68400.0,68550.0,67586.8984375,67930.1484375,3847
2020-01-22,68459.0,68800.0,67521.1484375,67851.1484375,4575
2020-01-23,68500.0,70000.0,68140.0,69878.6484375,9651
2020-01-24,69611.0,70825.6484375,69500.0,70407.3515625,8680
2020-01-27,70290.0,70600.0,69781.0,70309.3515625,7624
2020-01-28,70585.0,70999.953125,69342.046875,69864.703125,5883
2020-01-29,70090.0,70600.0,70000.0,70372.546875,4712
2020-01-30,70539.0,70600.0,69501.0,69818.6015625,6362
2020-01-31,69849.0,70600.0,69318.203125,69674.75,4805
2020-02-03,68690.0,69888.0,68000.0,69462.6484375,6669
2020-02-04,69650.0,71899.0,69650.0,71680.1484375,12327
2020-02-05,71680.1484375,73565.703125,71680.1484375,72390.796875,10788
2020-02-06,72599.0,73100.0,71260.0,71636.3515625,5926
2020-02-07,71899.0,71900.0,70371.25,70960.453125,5974
2020-02-10,71490.0,73500.0,69800.0,73247.8984375,29310
2020-02-11,73200.0,73500.0,71111.0,71381.703125,13405
2020-02-12,71755.0,72809.296875,71400.0,71675.953125,5903
2020-02-13,71967.0,71967.0,70901.1015625,71525.1484375,5184
2020-02-14,71800.0,72519.203125,71100.0,71799.203125,7017
2020-02-17,71800.0,72333.0,71200.0,71299.796875,3950
2020-02-18,71500.0,71500.0,69525.0,69693.6015625,9604
2020-02-19,70290.0,70437.1484375,69500.0,69959.296875,5731
2020-02-20,69959.296875,71232.6015625,69751.1015625,70789.5,8466
2020-02-24,70888.0,70888.0,68500.1484375,68874.703125,4295
2020-02-25,69100.0,69798.8984375,68500.0,69133.453125,6211
2020-02-26,69134.0,69403.953125,67850.0,68140.0,5155
2020-02-27,68180.0,68339.953125,66730.703125,67559.453125,6856
2020-02-28,66400.0,67296.6484375,65315.0,66393.203125,11768
2020-03-02,66891.0,67595.8984375,65551.0,65976.296875,6419
2020-03-03,66799.0,68558.3515625,65600.0,67740.703125,8202
2020-03-04,67270.0,67698.796875,66100.0,67053.3515625,8187
2020-03-05,67300.046875,68169.8984375,66809.5,67325.1484375,5745
2020-03-06,66389.0,66500.203125,63858.55078125,66348.1484375,9851
2020-03-09,65800.0,65800.0,63052.44921875,64261.8515625,9596
2020-03-11,64200.0,65687.296875,62703.0,63589.8515625,15621
2020-03-12,62001.0,62888.19921875,58000.0,60555.25,17336
2020-03-13,56030.0,66300.0,56030.0,65929.3515625,15213
2020-03-16,62000.0,63899.8515625,60309.05078125,61295.05078125,11325
2020-03-17,61295.05078125,63749.80078125,60350.05078125,62140.69921875,14677
2020-03-18,62899.94921875,63395.1015625,59200.0,59921.1484375,12224
2020-03-19,58950.0,59870.0,56950.5,57803.75,18081
2020-03-20,58199.94921875,61111.1015625,57534.69921875,58988.94921875,12332
2020-03-23,55905.0,56998.8515625,51500.0,51970.25,20514
2020-03-24,55000.0,55000.0,49915.1015625,52597.69921875,15772
2020-03-25,50155.55078125,57700.0,50155.55078125,56579.25,16480
2020-03-26,56600.0,60742.6484375,54900.0,55343.75,16474
2020-03-27,57940.0,58200.0,53620.0,56371.25,15883
2020-03-30,54700.0,55270.0,53522.8984375,54375.69921875,39105
2020-03-31,54600.0,59312.0,54121.05078125,58164.44921875,25755
2020-04-01,57900.0,57900.0,54675.44921875,55108.8515625,20661
2020-04-03,55600.0,56200.0,54500.0,55062.25,33126
2020-04-07,56500.0,58088.0,56055.05078125,57701.05078125,18689
2020-04-08,56600.0,59500.0,56300.0,57172.75,15231
2020-04-09,58599.0,60460.05078125,57700.19921875,60017.8984375,17979
2020-04-13,59500.0,59831.3984375,57101.0,57399.19921875,13752
2020-04-15,58500.0,58500.0,56760.0,57417.75,17187
2020-04-16,57390.0,62000.0,57012.1015625,60441.8984375,22062
2020-04-17,61541.8984375,62340.0,61000.0,61638.30078125,15847
2020-04-20,62000.0,62000.0,61150.0,61384.0,9847
2020-04-21,60500.0,60793.6015625,58500.69921875,58864.75,12668
2020-04-22,58875.0,59489.8984375,57829.0,58221.94921875,14951
2020-04-23,58547.0,59341.8515625,58500.0,58712.3515625,8688
2020-04-24,58225.0,59200.0,58000.0,58805.3984375,8119
2020-04-27,59700.0,60290.0,58805.3984375,59206.55078125,7821
2020-04-28,59800.0,59800.0,58550.0,59075.69921875,6233
2020-04-29,59100.0,59750.0,58900.0,59203.69921875,8035
2020-04-30,59800.0,61800.0,59499.94921875,60510.6484375,18800
2020-05-04,59499.94921875,59499.94921875,57700.0,57987.30078125,9677
2020-05-05,58647.0,59350.0,57500.0,57750.0,9615
2020-05-06,58350.0,58790.0,57200.1015625,58362.69921875,8360
2020-05-07,58000.0,59000.0,58000.0,58831.05078125,7492
2020-05-08,58902.0,59783.05078125,58450.0,58874.8984375,9752
2020-05-11,59025.0,59450.0,58286.0,58791.19921875,12163
2020-05-12,58500.0,58629.8984375,57318.8515625,57632.1015625,8170
2020-05-13,58850.0,60200.0,58221.5,59645.1484375,16232
2020-05-14,58676.0,59125.0,57925.3984375,58132.6015625,6586
2020-05-15,58751.0,58751.0,57775.0,58135.55078125,8049
2020-05-18,58235.0,58499.94921875,56150.0,56356.05078125,9020
2020-05-19,56850.0,57400.0,56600.0,56828.19921875,6472
2020-05-20,57200.0,57400.0,56745.05078125,57298.8984375,7045
2020-05-21,57399.0,58260.0,57300.0,57451.5,4818
2020-05-22,57309.44921875,57890.0,57000.0,57434.1015625,4096
2020-05-26,57834.80078125,58199.94921875,57195.1484375,57726.1015625,6257
2020-05-27,57825.0,58200.0,57500.0,58078.80078125,5430
2020-05-28,57952.0,58950.0,57951.94921875,58466.19921875,6482
2020-05-29,58350.5,59350.5,58350.5,59113.1015625,7484
2020-06-01,59500.0,62269.94921875,59365.6015625,61446.05078125,11453
2020-06-02,61999.0,63738.44921875,61657.69921875,62692.3984375,11885
2020-06-03,63499.94921875,64172.30078125,61129.25,61744.25,14523
2020-06-04,61844.25,62487.8984375,60710.0,61648.75,11209
2020-06-05,61705.0,63844.0,61521.1015625,63526.19921875,13614
2020-06-08,63700.0,65150.0,63561.1015625,64244.3984375,15854
2020-06-09,64970.0,64970.0,63550.0,63994.1484375,12490
2020-06-10,63990.0,64394.1484375,63250.8984375,63796.3515625,7412
2020-06-11,63699.94921875,64099.94921875,62700.1484375,62884.94921875,7919
2020-06-12,61000.0,64100.0,59500.0,63729.05078125,11399
2020-06-15,64950.0,65499.0,62500.0,62993.6015625,16231
2020-06-16,63725.0,64495.0,62077.5,62660.30078125,9122
2020-06-17,62748.0,63500.0,62369.05078125,62968.25,7254
2020-06-18,62888.0,63350.0,62701.05078125,62999.69921875,4653
2020-06-19,63101.0,63592.94921875,62700.0,62949.30078125,7143
2020-06-22,63200.0,65200.0,63200.0,64762.75,11458
2020-06-23,65010.0,65650.546875,64155.69921875,64532.6484375,8282
2020-06-24,65032.6484375,65870.0,63586.3984375,64128.1015625,9738
2020-06-25,64160.0,65500.0,63870.0,64809.6484375,7199
2020-06-26,65009.6484375,67000.0,65009.6484375,66457.703125,15913
2020-06-29,66400.0,66800.796875,64830.05078125,65196.8984375,19328
2020-06-30,66480.0,67725.0,65750.0,67274.5,24297
2020-07-01,66800.0,66800.0,65600.0,65836.796875,13670
2020-07-02,66400.0,66800.0,65800.0,66092.8515625,9523
2020-07-03,66301.0,66599.953125,65815.453125,66140.25,8136
2020-07-06,66601.0,67550.0,66350.0,67333.546875,10688
2020-07-07,67333.546875,67510.0,65600.0,66858.796875,11291
2020-07-08,67000.0,67448.6484375,65000.69921875,65287.19921875,16872
2020-07-09,65944.8984375,66200.0,65050.0,65335.8515625,11634
2020-07-10,65799.0,65799.0,64515.0,64867.25,12530
2020-07-13,65100.0,65698.8984375,64350.0,64673.44921875,8442
2020-07-14,64800.0,64890.0,63610.1484375,64396.0,10422
2020-07-15,64677.0,65199.94921875,63460.0,63675.3515625,12777
2020-07-16,64000.0,64132.75,62431.3515625,63537.94921875,11199
2020-07-17,63998.94921875,65870.8515625,63382.69921875,65360.55078125,13834
2020-07-20,65500.0,65849.5,64720.1015625,65042.80078125,10937
2020-07-21,65800.0,65900.0,65250.25,65621.1015625,10307
2020-07-22,65590.0,65590.0,64255.80078125,64407.75,14416
2020-07-23,64793.55078125,64793.55078125,63100.0,63357.3515625,13509
2020-07-24,63199.0,63800.0,62700.0,62976.5,15917
2020-07-27,63580.0,63580.0,61605.0,61931.6015625,14479
2020-07-28,62199.80078125,63000.0,62006.0,62204.8984375,14267
2020-07-29,62400.0,62800.0,61550.0,61815.1015625,9789
2020-07-30,62000.0,62399.8984375,60700.69921875,61043.1484375,12271
2020-07-31,61200.0,61600.0,60602.0,61048.55078125,11425
2020-08-03,61000.0,61800.0,60802.25,60974.6484375,9152
2020-08-04,61500.0,61700.0,61004.1484375,61270.1015625,15026
2020-08-05,61400.0,61900.0,61150.0,61519.05078125,9425
2020-08-06,61500.0,61850.0,61100.0,61345.80078125,4610
2020-08-07,61250.0,63260.0,61250.0,62702.80078125,29581
2020-08-10,62798.0,63550.0,61700.0,61863.0,9740
2020-08-11,62200.0,62490.0,61390.0,61460.44921875,9749
2020-08-12,61640.0,61899.8515625,61350.0,61634.75,11449
2020-08-13,61900.0,64352.25,61400.0,63976.5,29507
2020-08-14,64000.0,64600.0,61200.0,61433.75,49738
2020-08-17,62199.0,62282.1484375,59940.3984375,60148.05078125,32399
2020-08-18,60700.0,60879.94921875,60000.0,60205.5,21461
2020-08-19,60580.0,60720.0,59604.1015625,59837.80078125,25319
2020-08-20,59998.3515625,60300.0,59235.6484375,59507.30078125,27828
2020-08-21,59990.0,60150.0,59325.1015625,59627.1484375,31493
2020-08-24,60000.0,60537.5,59505.05078125,59598.55078125,22258
2020-08-25,59947.0,60150.0,59067.25,59286.3984375,23315
2020-08-26,59250.0,59746.25,59250.0,59336.75,19075
2020-08-27,59786.0,59799.0,59100.0,59316.55078125,12994
2020-08-28,59400.0,59999.0,59151.0,59579.8515625,16940
2020-08-31,59999.0,59999.0,57520.05078125,57987.44921875,17715
2020-09-01,58500.0,58698.94921875,57600.0,58345.30078125,14263
2020-09-02,58410.0,59099.8515625,58000.0,58586.75,12907
2020-09-03,58741.0,58998.0,58304.44921875,58492.1015625,8086
2020-09-04,58250.0,58800.0,57565.44921875,58425.3984375,11067
2020-09-07,58425.3984375,58854.94921875,58000.0,58374.19921875,12599
2020-09-08,58500.0,58500.0,58050.0,58212.6484375,9805
2020-09-09,58200.0,59054.94921875,57867.0,58763.55078125,12863
2020-09-10,58865.0,59399.0,58700.0,59134.05078125,9822
2020-09-11,59100.0,59400.0,58445.8984375,59226.69921875,14081
2020-09-14,59230.05078125,59800.0,58199.8515625,58519.8515625,17430
2020-09-15,58600.0,59400.0,58200.0,58408.44921875,40617
2020-09-16,58600.0,59850.0,58508.44921875,59573.94921875,23565
2020-09-17,59310.0,59778.0,59154.55078125,59530.8515625,12214
2020-09-18,59600.8515625,59970.0,58530.75,58950.6015625,17210
2020-09-21,58950.6015625,59079.8984375,57866.0,58159.25,23226
2020-09-22,58160.0,58350.25,57400.0,57709.55078125,9817
2020-09-23,58000.0,58320.0,56800.0,57211.5,11256
2020-09-24,56999.55078125,57098.1015625,55300.0,55618.8515625,10032
2020-09-25,55910.0,58000.0,55701.05078125,57461.44921875,12635
2020-09-28,57800.0,59449.94921875,57800.0,59306.55078125,12997
2020-09-29,59778.80078125,59890.0,58175.75,59462.3515625,17381
2020-09-30,59300.0,60001.0,58700.0,59572.19921875,16827
2020-10-01,59570.0,60695.0,59400.0,60578.30078125,15857
2020-10-05,60800.0,61233.94921875,60300.0,60525.6015625,16527
2020-10-06,60800.0,61100.0,60076.3515625,60269.94921875,9028
2020-10-07,60490.0,61089.69921875,59956.80078125,60601.55078125,10706
2020-10-08,60728.94921875,61100.0,59600.0,60175.3515625,9954
2020-10-09,60677.8984375,60677.8984375,58542.6484375,58784.8984375,12645
2020-10-12,59298.0,59298.0,58174.05078125,58587.1015625,9057
2020-10-13,58200.1015625,59439.19921875,58200.1015625,58589.94921875,15742
2020-10-14,58700.0,59149.0,58000.0,58903.55078125,16274
2020-10-15,59000.0,59246.3984375,58150.0,58454.6484375,9112
2020-10-16,58350.0,58880.1484375,57860.05078125,58013.1015625,7262
2020-10-19,58300.94921875,60100.0,58100.0,60009.8515625,21961
2020-10-20,59251.0,60347.30078125,59251.0,59927.3515625,14375
2020-10-21,60000.0,61599.0,60000.0,61042.44921875,32354
2020-10-22,61042.44921875,62442.6015625,60834.6484375,62250.3515625,24154
2020-10-23,62250.0,63985.0,62130.69921875,63619.1015625,31802
2020-10-26,63800.0,64319.8984375,62863.94921875,63280.44921875,30884
2020-10-27,64546.0,69608.453125,63502.1015625,68202.6015625,88721
2020-10-28,68202.6015625,68202.6015625,65360.05078125,66844.546875,46839
2020-10-29,66000.0,68917.453125,65160.8984375,67298.3515625,50267
2020-10-30,67748.0,68450.0,64600.05078125,65303.25,51521
2020-11-02,65500.0,66637.203125,64760.05078125,66226.046875,32674
2020-11-03,66645.0,67999.0,66567.6484375,67676.25,29445
2020-11-04,67320.25,69250.0,67223.5,68449.8515625,33722
2020-11-05,69000.0,69890.1015625,68208.046875,68568.5,32905
2020-11-06,69250.0,69900.0,68139.8515625,68516.8515625,47996
2020-11-09,69100.0,70325.703125,68665.6015625,69841.046875,36658
2020-11-10,70444.0,70736.296875,68973.953125,69367.0,36190
2020-11-11,69480.0,70490.0,67919.1484375,68589.1484375,43328
2020-11-12,68999.0,69579.75,68650.0,69386.8984375,20708
2020-11-13,69500.0,72499.0,69450.0,71826.203125,48897
2020-11-14,72225.0,72490.0,71001.25,71926.0,5247
2020-11-17,72288.0,74650.0,71926.0,74095.453125,48299
2020-11-18,74095.453125,75400.0,72374.296875,75041.0,62263
2020-11-19,74500.0,77399.0,74106.953125,76831.3515625,64112
2020-11-20,76959.0,79500.0,76800.0,79069.3984375,80370
2020-11-23,81160.0,81249.3984375,79200.046875,80114.5,60161
2020-11-24,80300.0,80950.0,79100.546875,79840.1484375,56578
2020-11-25,80800.0,80800.0,75653.0,76311.75,52953
2020-11-26,77000.0,77543.953125,74305.25,75820.046875,77903
2020-11-27,76500.0,79228.953125,75300.0,77738.6484375,281075
2020-12-01,79400.0,80102.3515625,77777.5,79564.296875,57627
2020-12-02,79800.0,80000.0,78631.953125,79781.25,38286
2020-12-03,79773.296875,79800.0,78500.0,78894.6484375,28657
2020-12-04,79399.953125,79600.0,78200.0,78698.1484375,35870
2020-12-07,77887.296875,79995.0,77887.296875,79527.6484375,25469
2020-12-08,79600.0,79984.296875,78862.796875,79161.796875,23532
2020-12-09,79495.0,79600.796875,78000.046875,78371.296875,18683
2020-12-10,78499.0,78745.3515625,77350.1015625,77615.203125,22452
2020-12-11,77990.0,78396.703125,77300.0,77878.3515625,20832
2020-12-14,78400.0,78400.0,77300.0,77547.6484375,15865
2020-12-15,77547.6484375,77800.0,76800.0,77286.3515625,14509
2020-12-16,77383.0,79180.3984375,77380.0,78618.8515625,29876
2020-12-17,78625.0,79166.296875,77000.0,77291.1484375,19833
2020-12-18,77900.0,78190.0,76850.0,77571.546875,34069
2020-12-21,77638.0,77793.1484375,74545.453125,75277.703125,24201
2020-12-22,75477.0,76709.8515625,73777.75,76096.3515625,27697
2020-12-23,76000.0,76850.0,75406.3984375,75854.8515625,15368
2020-12-24,76400.0,76549.953125,75550.0,75892.3515625,14445
2020-12-28,76100.0,76840.203125,75008.8515625,75366.703125,18088
2020-12-29,75899.0,76000.0,74860.0,75677.546875,14694
2020-12-30,75561.046875,77672.75,75300.0,76925.1015625,16171
2020-12-31,76600.0,77339.953125,75310.1484375,75750.453125,28028
2021-01-01,76000.0,76334.3515625,75550.0,76021.6484375,13254
2021-01-04,76200.6484375,78900.0,75900.0,78402.203125,28145
2021-01-05,77800.0,79373.0,77700.0,79053.0,25539
2021-01-06,79053.0,79800.0,77619.203125,78752.25,30427
2021-01-07,79500.0,79500.0,77000.0,77332.6015625,21765
2021-01-08,77780.0,81399.0,77600.0,80602.1015625,31729
2021-01-11,80700.0,83000.0,80500.0,82507.8984375,48475
2021-01-12,82400.0,87000.0,81712.3984375,85746.8984375,87936
2021-01-13,86200.0,87399.953125,85300.0,85642.296875,57619
2021-01-14,86300.0,89938.1015625,85785.0,88749.6484375,55671
2021-01-15,89150.0,89823.8984375,86401.296875,87551.75,57495
2021-01-18,87800.0,88165.6015625,85111.25,85661.8515625,30785
2021-01-19,86150.0,88005.703125,86150.0,87197.546875,21305
2021-01-20,87800.0,94120.1484375,87600.6015625,93081.5,80494
2021-01-21,93600.0,96479.703125,90602.0,91712.8984375,111415
2021-01-22,92444.0,94345.953125,91420.0,92305.953125,90867
2021-01-25,93879.953125,93879.953125,89205.1015625,89638.3515625,60275
2021-01-27,90100.0,90177.25,87510.0,88577.75,58528
2021-01-28,88100.0,89411.6015625,87122.75,87487.703125,51944
2021-01-29,88499.1015625,89388.0,83455.703125,84069.1484375,56240
2021-02-01,84888.0,88798.6015625,83900.046875,88133.6484375,46017
2021-02-02,89450.0,91949.8984375,88926.8515625,90745.953125,51519
2021-02-03,91583.203125,93278.3515625,89500.046875,89963.5,44550
2021-02-04,90999.8984375,93780.0,89964.0,92181.953125,63583
2021-02-05,93318.296875,93566.953125,90272.1484375,90693.046875,49120
2021-02-08,92249.8984375,92551.25,90000.0,90870.75,36568
2021-02-09,91495.0,94699.0,90400.0,93597.8984375,69603
2021-02-10,93852.0,97880.796875,92750.0,96973.8515625,72305
2021-02-11,96770.0,98599.953125,89120.0,90084.703125,182954
2021-02-12,92000.0,93480.0,90085.0,91278.046875,138059
2021-02-15,92373.3984375,92450.0,90000.0,90643.8984375,54272
2021-02-16,91499.0,91550.0,89003.796875,89575.3515625,58998
2021-02-17,90999.8984375,90999.8984375,88811.0,89184.5,39383
2021-02-18,89500.0,90000.0,88350.0,88881.3515625,36398
2021-02-19,88160.0,89369.8515625,87000.0,88120.1015625,34825
2021-02-22,88800.0,88800.0,86226.0,86921.296875,33729
2021-02-23,87293.6015625,88105.046875,85800.0,87558.5,37383
2021-02-24,88100.0,88600.0,86850.0,87979.6484375,13773
2021-02-25,88200.0,88600.0,87362.8515625,87622.796875,22420
2021-02-26,86900.0,87320.0,83803.546875,84498.1484375,46327
2021-03-01,85200.0,89864.0,85152.046875,89025.453125,48753
2021-03-02,90148.75,90274.0,88446.953125,89680.3984375,34837
2021-03-03,89680.0,89950.0,88480.0,89097.1015625,22137
2021-03-04,88200.0,90801.0,88097.703125,89773.546875,29437
2021-03-05,89699.8984375,89699.8984375,88005.0,88661.75,27911
2021-03-08,88661.75,89484.953125,87202.046875,87564.546875,21119
2021-03-09,88398.3984375,89505.5,88000.0,89067.703125,24443
2021-03-10,89702.75,89703.0,88379.453125,88684.1015625,16992
2021-03-12,88800.0,90300.0,88200.0,88775.3515625,25808
2021-03-15,89200.0,89490.5,87000.0,87673.546875,22657
2021-03-16,87900.0,88479.8515625,86500.0,86819.0,22685
2021-03-17,87328.546875,87328.546875,85246.25,85609.0,18541
2021-03-18,86025.203125,86348.25,83000.046875,83206.25,30104
2021-03-19,82900.0,84920.953125,80605.796875,84539.796875,63106
2021-03-22,84500.0,85499.0,82421.1015625,83722.796875,27406
2021-03-23,83999.8984375,84999.953125,83600.0,84615.1015625,26061
2021-03-24,83870.0,84345.3984375,81800.0,82341.703125,25865
2021-03-25,82300.0,82993.0,80702.703125,81751.203125,33840
2021-03-26,82749.3984375,82749.3984375,81800.0,82009.453125,17694
2021-03-30,82511.0,83946.0,81325.046875,83185.296875,34009
2021-03-31,82711.3984375,83525.75,81950.0,82259.453125,17739
2021-04-01,83148.0,83449.953125,82200.0,83133.1015625,19973
2021-04-05,82310.0,83269.1015625,81262.6015625,81520.8984375,19060
2021-04-06,82139.75,82500.0,81211.1015625,82245.546875,18062
2021-04-07,81770.0,83950.0,81684.75,83672.6015625,16887
2021-04-08,83900.0,84492.1484375,82500.0,82983.1015625,19674
2021-04-09,82908.3515625,83287.453125,81750.0,81888.1484375,14917
2021-04-12,81300.0,81400.0,78900.0,79227.8515625,24417
2021-04-13,79500.0,83100.0,79300.0,82671.6015625,30804
2021-04-15,81700.0,82449.953125,80500.0,80980.5,33546
2021-04-16,81410.0,81981.046875,80980.5,81366.0,23199
2021-04-19,79205.0,80399.0,78813.0,79231.3984375,26801
2021-04-20,80399.953125,80650.1015625,78699.546875,79339.796875,27667
2021-04-22,79100.0,79100.0,77634.3515625,78308.0,41067
2021-04-23,78280.0,78881.0,77800.0,78214.1484375,17859
2021-04-26,78550.0,79296.3984375,77484.5,77687.546875,16483
2021-04-27,77900.0,78472.8984375,77700.0,78010.3984375,13283
2021-04-28,78390.0,79300.0,77850.0,78060.796875,23446
2021-04-29,78600.0,79100.0,77505.0,77656.8984375,18240
2021-04-30,77600.0,81699.0,77200.0,80720.546875,60005
2021-05-03,80399.8984375,81127.953125,79300.1015625,79907.546875,18348
2021-05-04,80880.0,80880.0,78410.1484375,78614.5,24181
2021-05-05,79299.953125,79398.953125,77751.0,78277.703125,17889
2021-05-06,78300.0,79199.953125,77756.25,77887.296875,17273
2021-05-07,78300.0,78770.0,77200.0,77446.203125,21111
2021-05-10,78200.0,78745.0,77500.0,78370.046875,15645
2021-05-11,77914.0,78989.953125,77606.3515625,78621.1484375,14533
2021-05-12,78300.0,79225.1015625,77001.0,77267.296875,21902
2021-05-14,77501.0,77850.0,75950.0,76135.75,23176
2021-05-17,76780.0,78464.296875,76000.0,78211.796875,20991
2021-05-18,78850.0,79947.0,78405.546875,79270.0,24073
2021-05-19,79272.0,80000.0,78340.046875,79683.203125,19150
2021-05-20,79800.0,82469.953125,79246.3515625,81231.1015625,26037
2021-05-21,81700.0,82483.6484375,81300.0,82178.203125,20210
2021-05-24,82360.0,83300.0,82000.0,82458.8515625,15291
2021-05-25,82706.0,83098.953125,81921.0,82181.6484375,11453
2021-05-26,82669.953125,82800.0,81400.0,81569.5,10203
2021-05-27,81599.8984375,83174.8515625,81355.6015625,82794.1484375,18209
2021-05-28,83199.0,83650.0,82825.0,83382.1015625,10943
2021-05-31,83237.0,83965.0,83000.0,83641.3984375,10282
2021-06-01,83643.3984375,84800.0,82811.796875,83083.453125,11331
2021-06-02,82800.0,84776.453125,82800.0,84432.6484375,10170
2021-06-03,84705.0,85086.0,83810.0,84471.0,9669
2021-06-04,84850.0,85336.0,84240.0,84918.703125,11134
2021-06-07,85598.8984375,87300.0,82250.0,82400.5,69851
2021-06-08,82260.0,82455.1484375,81150.1484375,81349.203125,26448
2021-06-09,81869.0,81989.0,80009.0,80228.1484375,19134
2021-06-10,80301.0,82325.953125,80050.046875,82172.1484375,20186
2021-06-11,82572.1484375,82818.453125,81325.203125,82171.5,13297
2021-06-14,82000.0,83127.953125,81271.296875,82476.8515625,11908
2021-06-15,82530.5,83357.75,81950.0,82862.703125,12061
2021-06-16,82799.0,83150.0,82350.046875,82554.296875,10103
2021-06-17,81925.0,83295.8515625,81826.046875,82676.3984375,14770
2021-06-18,82650.0,83147.3984375,80500.0,82644.1015625,32641
2021-06-21,81000.0,82250.0,81000.0,81777.046875,6928
2021-06-22,82500.0,82500.0,81500.0,81747.25,7101
2021-06-23,81750.0,82499.953125,81750.0,81970.546875,4801
2021-06-24,82198.0,82198.0,80650.0,80975.0,9667
2021-06-25,81217.8984375,81249.046875,80375.0,80514.203125,7525
2021-06-28,80899.0,81148.8515625,80141.0,80554.6484375,10158
2021-06-29,80750.0,80750.0,79527.75,80222.25,14280
2021-06-30,80300.0,80649.546875,79871.0,80079.5,7178
2021-07-01,80100.0,81467.8515625,80100.0,81018.296875,9204
2021-07-02,81021.1015625,81489.6015625,80600.0,81142.296875,6768
2021-07-05,81190.0,81827.75,80600.0,80830.3515625,8057
2021-07-06,80890.0,81384.0,80350.0,80449.203125,6734
2021-07-07,80600.0,81349.8515625,80300.203125,80768.8984375,10475
2021-07-08,81000.0,81339.953125,80100.0,80417.953125,5867
2021-07-09,80600.0,80699.8984375,79880.0,79994.703125,10267
2021-07-12,80300.0,80480.203125,79880.0,80187.1015625,5751
2021-07-13,80439.953125,83450.0,80001.1015625,83115.796875,35724
2021-07-14,83000.0,83356.953125,82380.6015625,82806.046875,9792
2021-07-15,82806.0,83254.953125,81116.0,81445.203125,10241
2021-07-16,81950.0,82710.0,81354.8984375,82449.8515625,11216
2021-07-19,81800.0,82964.953125,81625.0,82236.296875,7692
2021-07-20,82201.0,82700.0,81402.0,81640.046875,7135
2021-07-22,81650.5,82400.0,81242.546875,81572.0,6118
2021-07-23,81879.953125,81969.75,81000.0,81174.8515625,4471
2021-07-26,81349.0,81599.546875,80700.0,80917.75,5993
2021-07-27,80925.0,81319.953125,79947.8515625,80095.3515625,6581
2021-07-28,80255.546875,80545.0,79201.046875,79922.75,7559
2021-07-29,80002.296875,80297.796875,79451.953125,79725.5,5158
2021-07-30,79964.703125,81140.0,79713.296875,79907.453125,9818
2021-08-02,80499.0,81349.953125,80133.296875,80420.8515625,10580
2021-08-03,80800.0,81220.0,80512.5,81018.3984375,5106
2021-08-04,81019.0,81600.453125,80202.0,80453.0,6965
2021-08-05,80613.8984375,80722.296875,79466.8984375,79663.25,8114
2021-08-06,79696.953125,80149.75,79000.0,79159.6484375,10148
2021-08-09,79489.953125,82664.796875,79200.0,80050.6484375,64535
2021-08-10,80099.0,80939.953125,78200.0,78828.046875,22258
2021-08-11,79000.0,79799.6484375,77300.0,77603.1015625,16579
2021-08-12,78199.0,78709.953125,77605.0,78236.046875,13737
2021-08-13,78550.0,79200.0,78468.1484375,78872.8515625,9067
2021-08-16,78951.703125,79350.0,78110.0,78658.796875,8280
2021-08-17,78658.796875,79165.046875,77930.1015625,78736.6015625,9035
2021-08-18,79099.0,79500.0,78900.0,79347.1484375,7011
2021-08-20,79399.0,79399.0,77805.0,78076.953125,8520
2021-08-23,78699.0,78699.0,75950.0,76162.8984375,14541
2021-08-24,76500.0,77401.0,76014.75,77157.953125,12172
2021-08-25,77239.953125,77980.0,76737.546875,77015.546875,12272
2021-08-26,77131.0,77265.0,76300.0,76564.546875,8394
2021-08-27,76650.0,77332.6484375,76564.546875,76953.453125,6617
2021-08-30,77000.0,78374.953125,77000.0,78185.5,9045
2021-08-31,78300.0,79855.046875,78257.796875,79742.75,14859
2021-09-01,80000.0,80559.953125,79239.796875,79954.6484375,10789
2021-09-02,80393.0,81875.546875,80041.453125,81265.1484375,14947
2021-09-03,81949.0,82600.1015625,81509.8984375,82397.8515625,15764
2021-09-06,82700.0,83200.0,81278.75,81404.8515625,10180
2021-09-07,81785.0,82300.0,80890.046875,81084.703125,11928
2021-09-08,81380.0,81429.6484375,79810.0,80240.0,9413
2021-09-09,80300.0,81469.953125,79800.0,79867.8984375,14454
2021-09-13,79800.0,80407.1015625,79250.0,80243.6015625,7150
2021-09-14,80230.0,80847.046875,80052.046875,80423.8515625,9958
2021-09-15,80521.0,80995.0,80116.6484375,80210.1484375,9413
2021-09-16,80600.0,80600.0,79801.0,79971.703125,6457
2021-09-17,80000.0,80339.796875,78851.0,79397.25,13253
2021-09-20,79190.0,79950.0,78510.0,78875.453125,11737
2021-09-21,78870.0,79031.296875,78050.0,78373.75,10584
2021-09-22,78500.0,80550.0,78500.0,79993.796875,16457
2021-09-23,80600.0,80999.0,80001.546875,80220.703125,6530
2021-09-24,80500.0,80690.0,79055.046875,79456.5,11095
2021-09-27,79949.0,82000.0,79144.6484375,81893.3984375,20927
2021-09-28,81759.3984375,81890.0,79810.0,80488.6015625,14053
2021-09-29,80306.1015625,80431.5,78901.046875,79056.703125,25732
2021-09-30,79550.0,79679.953125,78652.046875,79375.546875,16379
2021-10-01,79000.0,79370.0,78510.0,78994.3984375,8506
2021-10-04,79477.203125,80551.953125,79400.0,79787.0,10101
2021-10-05,79750.0,80070.0,79232.0,79407.203125,5361
2021-10-06,79645.0,79890.0,78500.0,78629.5,9556
2021-10-07,79149.953125,81446.3984375,78860.1015625,81272.546875,22060
2021-10-08,81300.0,86373.453125,81100.1015625,85860.453125,54225
2021-10-11,85860.0,87550.0,84720.453125,84932.8984375,28671
2021-10-12,85000.0,86199.953125,84380.203125,85617.5,16687
2021-10-13,86158.0,86800.0,85440.0,86106.546875,11972
2021-10-14,86335.0,86600.0,84999.8984375,85166.453125,7265
2021-10-18,85300.0,86900.0,84000.0,84314.1015625,20490
2021-10-19,84839.0,85176.25,82589.3515625,83013.203125,15834
2021-10-20,83150.0,83382.453125,81000.0,82516.546875,28021
2021-10-21,83278.796875,83399.953125,80900.546875,81091.453125,18125
2021-10-22,81100.046875,82273.25,80080.0,80800.3984375,24048
2021-10-25,81499.953125,81499.953125,79016.453125,79429.453125,19941
2021-10-26,79500.0,80500.0,79283.703125,80093.75,7847
2021-10-27,80494.0,80575.0,79200.0,79372.796875,6723
2021-10-28,79373.0,79709.203125,77300.0,77609.3515625,12606
2021-10-29,77999.953125,78400.0,76650.0,77308.1484375,9403
2021-11-01,77694.0,78978.1484375,77250.0,78741.046875,7650
2021-11-02,78350.0,79390.0,78350.0,78585.203125,6829
2021-11-03,78860.0,79190.0,77800.0,77968.8984375,7732
2021-11-04,78375.0,78633.953125,78100.046875,78412.5,1245
2021-11-08,78880.0,80308.0,78550.0,79942.25,9209
2021-11-09,80295.0,80489.8515625,78001.0,78508.703125,23116
2021-11-10,78508.0,78928.75,78050.0,78167.5,9926
2021-11-11,78399.8515625,78399.8515625,76900.0,77210.8984375,12757
2021-11-12,77580.0,78297.8515625,77254.1015625,78174.8515625,11688
2021-11-15,78400.0,78870.046875,77800.0,78485.5,10112
2021-11-16,78410.0,79448.0,78210.25,78444.796875,16137
2021-11-17,78694.453125,79500.0,78527.046875,79374.1484375,10113
2021-11-18,79600.0,79665.953125,77299.0,77464.75,10930
2021-11-22,77842.0,77899.0,75020.0,75657.6015625,15725
2021-11-23,75800.0,76699.0,75093.6484375,76501.546875,7408
2021-11-24,76654.546875,77397.8515625,76114.1484375,76469.546875,6410
2021-11-25,76569.546875,76698.0,75280.6015625,75663.3984375,10280
2021-11-26,75650.0,75650.0,74511.0,75190.3515625,9869
2021-11-29,74905.0,75099.953125,73050.0,73818.25,8554
2021-11-30,73541.0,75996.0,73541.0,74630.796875,25947
2021-12-01,74989.8984375,75360.0,73501.1015625,73708.6015625,11738
2021-12-02,74124.0,74280.0,73250.1015625,73881.703125,11728
2021-12-03,74189.953125,74691.8515625,73764.8515625,73882.296875,6322
2021-12-06,73950.0,74136.6484375,72954.796875,73129.046875,7682
2021-12-07,73690.0,73879.796875,73351.0,73608.8984375,4638
2021-12-08,74048.0,75242.75,74009.3515625,74655.296875,8118
2021-12-09,74934.3515625,75275.0,74101.1015625,74668.546875,6709
2021-12-10,74055.0,75000.0,74000.0,74221.0,4831
2021-12-13,74680.0,75111.0,73645.0,73792.0,7479
2021-12-14,73650.0,74200.0,73500.0,74111.8515625,5830
2021-12-15,74005.0,74550.0,73800.0,73985.5,3594
2021-12-16,74060.0,74298.6484375,73100.0,73306.453125,8181
2021-12-17,73270.0,73380.0,72100.0,72558.046875,10564
2021-12-20,72000.0,72199.8984375,68700.0,69950.5,19827
2021-12-21,69950.5,71139.703125,69950.0,70413.6484375,11270
2021-12-22,70499.8515625,71290.0,70236.0,70549.453125,8950
2021-12-23,70990.0,71500.0,70700.046875,71029.6015625,8715
2021-12-24,71300.0,71300.0,69706.75,70090.703125,8524
2021-12-27,70089.0,70689.453125,69010.0,70526.203125,7843
2021-12-28,70540.0,71999.0,70540.0,71617.703125,8194
2021-12-29,71850.0,72697.8515625,71400.0,72559.046875,9449
2021-12-30,72698.953125,72888.0,71850.296875,72119.546875,6786
2021-12-31,72011.0,73699.25,72011.0,73338.0,6473
2022-01-03,73589.953125,73979.953125,73113.6484375,73367.703125,5871
2022-01-04,73667.703125,74000.0,73350.0,73937.203125,6005
2022-01-05,73937.203125,74400.0,73783.0,74046.0,7370
2022-01-06,73905.0,74495.0,73200.0,74155.296875,7559
2022-01-07,74210.1484375,74573.953125,73551.046875,74189.296875,5550
2022-01-10,74210.0,74979.1015625,74150.0,74286.3984375,5451
2022-01-11,74286.0,74445.0,73918.0,74291.296875,5864
2022-01-12,74291.296875,75498.1015625,74260.046875,75383.75,7862
2022-01-13,75551.0,76300.0,75030.203125,75977.046875,9077
2022-01-14,75970.0,76277.1484375,75345.046875,76134.6484375,4493
2022-01-17,76134.6484375,77185.453125,75800.046875,76822.203125,6852
2022-01-18,76851.0,77299.8984375,76000.0,76296.8515625,8057
2022-01-19,76300.0,76780.296875,75650.0,76529.8515625,6542
2022-01-20,76097.953125,76097.953125,73500.0,73728.25,16368
2022-01-21,73640.0,74800.0,72054.3515625,72697.1015625,11025
2022-01-24,72700.0,72989.953125,70002.0,71077.3515625,10330
2022-01-25,70900.0,72249.546875,69815.3984375,70569.953125,11974
2022-01-27,70120.0,71049.0,69459.546875,70712.6484375,10272
2022-01-28,71070.0,72850.0,71070.0,71327.703125,9147
2022-01-31,72180.0,72500.046875,71401.046875,72148.1015625,6201
2022-02-01,72400.0,72680.0,71200.203125,71515.453125,12365
2022-02-02,71601.0,72674.6484375,71185.0,71462.453125,8742
2022-02-03,70450.0,71930.0,70111.296875,70987.1484375,10786
2022-02-04,70987.0,71297.5,69851.8984375,70006.3984375,11034
2022-02-07,70398.953125,70421.8515625,68600.0,68798.796875,12143
2022-02-08,69240.0,69800.0,68500.0,69426.3515625,11669
2022-02-09,69601.0,70579.8515625,69601.0,70426.6015625,5620
2022-02-10,70919.6015625,70919.6015625,69501.0,69769.203125,14416
2022-02-11,69700.0,69700.0,68038.203125,68233.453125,15042
2022-02-14,67866.0,67866.0,65708.0,65929.0,18628
2022-02-15,66475.0,66999.8984375,65007.05078125,66680.1484375,14444
2022-02-16,67240.0,67275.0,66000.8984375,66140.6015625,12266
2022-02-17,66450.0,66641.3984375,65439.6484375,65615.75,7727
2022-02-18,65315.0,66263.296875,65210.30078125,65638.953125,19661
2022-02-21,65574.8984375,65574.8984375,64602.3515625,64734.6484375,10513
2022-02-22,63000.0,65999.046875,63000.0,65769.6015625,26513
2022-02-23,66164.203125,66799.953125,65701.0,65803.6015625,11015
2022-02-24,64350.0,65850.0,63000.0,63945.6015625,43260
2022-02-25,64100.0,65814.953125,64022.69921875,65651.703125,19903
2022-02-28,65252.0,66250.0,64450.0,65740.953125,13429
2022-03-02,65660.0,66500.0,65140.8515625,66223.8515625,18103
2022-03-03,66950.0,66980.0,65723.0,66035.453125,13310
2022-03-04,65600.0,66199.953125,65000.0,65911.296875,18449
2022-03-07,65140.0,66448.0,63741.6015625,66153.1015625,29607
2022-03-08,66150.0,66650.0,65501.0,66394.8515625,8208
2022-03-09,66600.0,66950.0,65890.203125,66087.8515625,6893
2022-03-10,66687.8515625,67497.796875,66555.0,66881.8984375,9680
2022-03-11,66590.0,68094.046875,66365.0,67898.296875,7705
2022-03-14,68034.0,68450.0,67405.046875,68372.3515625,6352
2022-03-15,68200.0,68995.0,67500.0,68085.0,9065
2022-03-16,68700.0,68849.8984375,68186.6484375,68370.453125,7593
2022-03-17,68600.0,69889.0,68500.1015625,68957.796875,14905
2022-03-21,69652.6484375,69860.0,66588.0,66876.3515625,12368
2022-03-22,67248.8984375,67300.0,65900.0,67096.6015625,9663
2022-03-23,67105.0,67726.6015625,66611.1015625,66844.703125,8261
2022-03-24,66840.0,67399.953125,66450.0,66718.75,7400
2022-03-25,66900.046875,67179.6484375,66000.0,66501.1015625,5838
2022-03-28,66500.0,66500.0,64955.80078125,65708.6484375,9839
2022-03-29,65790.0,66878.3515625,65010.0,65297.05078125,9704
2022-03-30,65849.546875,65899.953125,65134.55078125,65358.8984375,7190
2022-03-31,65495.0,65800.0,64701.44921875,65022.1015625,10386
2022-04-01,65100.0,66650.0,65099.94921875,66485.203125,7651
2022-04-04,66710.0,67259.953125,66710.0,67129.8984375,6506
2022-04-05,67129.8984375,68100.0,67129.8984375,67756.046875,7621
2022-04-06,67790.0,67956.046875,67203.1484375,67630.8515625,6216
2022-04-07,67750.0,68194.1484375,66900.0,67109.25,8501
2022-04-08,67490.0,68128.953125,66708.6484375,67782.8515625,12652
2022-04-11,67500.0,68000.0,67301.046875,67765.6484375,4286
2022-04-12,67600.0,67987.203125,66565.296875,67585.703125,13531
2022-04-13,67650.0,68121.0,67011.0,67447.296875,8522
2022-04-18,67003.0,67480.453125,66000.1484375,66944.953125,11982
2022-04-19,67004.0,67797.546875,65800.0,66361.3984375,17383
2022-04-20,66699.796875,68352.25,66501.6015625,67670.3984375,9721
2022-04-21,68005.0,70100.0,67860.0,69714.796875,11532
2022-04-22,69625.0,69625.0,68600.0,69143.8515625,6278
2022-04-25,68550.0,69499.0,68235.3515625,69115.8984375,9387
2022-04-26,69500.0,71537.8984375,69225.0,71331.5,16723
2022-04-27,70315.0,72599.8984375,70200.0,72218.953125,14670
2022-04-28,72648.0,72648.0,71254.0,72330.703125,11877
2022-04-29,72330.0,73400.0,71801.296875,72729.0,11934
2022-05-02,72000.0,72850.0,71778.5,72597.5,5432
2022-05-04,72800.0,73310.6484375,71300.0,71878.3515625,9510
2022-05-05,72190.0,72850.0,70777.0,71182.1484375,7309
2022-05-06,70650.0,70831.8515625,69250.0,69913.6015625,8667
2022-05-09,69601.0,69855.0,68325.203125,68578.0,11683
2022-05-10,68490.0,70939.8984375,67200.0,68810.046875,28293
2022-05-11,68350.0,69274.8984375,67817.1484375,68110.703125,10262
2022-05-12,67990.0,68199.953125,66680.0,67622.046875,11473
2022-05-13,67690.0,73280.6015625,67690.0,72050.8984375,28470
2022-05-16,71780.0,73240.0,71400.1015625,72528.3984375,12665
2022-05-17,72800.0,74300.0,72600.0,74006.75,10590
2022-05-18,74205.0,74849.953125,73811.046875,74687.6484375,10398
2022-05-19,73500.0,74250.0,73001.0,73434.75,8680
2022-05-20,74200.0,74679.953125,73978.796875,74104.953125,7777
2022-05-23,74500.0,75146.8984375,73066.296875,73386.203125,8044
2022-05-24,73499.953125,74598.8984375,73112.953125,74395.5,7073
2022-05-25,74564.25,75428.0,73574.6015625,74824.25,7765
2022-05-26,75000.0,75300.0,73400.0,75060.953125,9279
2022-05-27,75210.0,75690.0,74300.0,74654.8515625,7417
2022-05-30,74900.0,75795.5,74862.1484375,75388.046875,6081
2022-05-31,75400.0,78165.6484375,75237.453125,77649.453125,27991
2022-06-01,77200.0,77570.0,76000.0,76331.5,7322
2022-06-02,75501.1015625,75999.8515625,75030.3984375,75872.796875,5643
2022-06-03,76061.0,76887.953125,76061.0,76460.3515625,10174
2022-06-06,76390.0,76672.8515625,74555.046875,74712.296875,8339
2022-06-07,74000.0,74497.25,71337.6015625,71659.0,12064
2022-06-08,71701.0,72396.6484375,70320.0,70653.546875,10536
2022-06-09,70000.0,70700.0,70000.0,70425.75,5276
2022-06-10,70115.953125,70545.0,69718.5,69952.25,6364
2022-06-13,69000.0,69307.796875,68215.796875,68558.546875,5879
2022-06-14,67506.0,69500.0,67506.0,68202.25,6121
2022-06-15,68202.25,69551.0,68202.25,68441.703125,7761
2022-06-16,69295.0,69314.953125,67000.0,67176.6015625,7091
2022-06-17,67000.0,69130.0,65878.3515625,68124.546875,17498
2022-06-20,68260.796875,68599.8984375,66491.453125,66651.546875,6721
2022-06-21,66658.0,68299.953125,66658.0,68091.546875,5942
2022-06-22,67600.0,68230.0,67350.0,68040.6015625,4849
2022-06-23,68040.6015625,69280.0,68040.546875,69006.203125,7455
2022-06-24,68900.0,70775.0,68900.0,70553.0,12532
2022-06-27,71200.0,71907.703125,70900.0,71221.75,8117
2022-06-28,71000.0,72599.75,70567.703125,72268.6484375,10643
2022-06-29,71567.0,72000.0,71150.0,71523.75,6071
2022-06-30,71748.0,72099.796875,70425.0,70800.8984375,6089
2022-07-01,70300.0,72500.0,70300.0,72194.296875,5409
2022-07-04,71900.0,72499.8515625,71600.0,71776.453125,4102
2022-07-05,72000.0,72340.0,71056.453125,71221.1484375,3862
2022-07-06,71721.953125,73500.0,71499.453125,73230.203125,7785
2022-07-07,73825.0,75500.0,73346.296875,75337.8984375,12354
2022-07-08,75337.8984375,76454.0,75335.046875,76044.953125,10071
2022-07-11,76000.0,76500.0,75300.0,76375.8515625,8025
2022-07-12,76000.0,76900.0,75829.046875,76664.6484375,7467
2022-07-13,76674.0,77600.0,76674.0,77273.75,7992
2022-07-14,77399.796875,77863.453125,76532.296875,77414.8984375,6630
2022-07-15,77724.0,79729.6484375,77629.546875,79558.1015625,14260
2022-07-18,79602.0,80998.953125,79600.0,80742.5,15460
2022-07-19,80500.0,80820.8984375,79191.546875,79941.796875,8431
2022-07-20,80075.0,80618.8515625,79400.0,79784.6015625,7028
2022-07-21,79630.0,80418.3984375,79555.0,80178.3984375,6751
2022-07-22,80290.0,80738.0,79136.296875,79400.6015625,6537
2022-07-25,79600.0,81198.953125,79531.796875,80834.046875,11727
2022-07-26,80829.0,80965.75,79830.796875,80150.203125,5871
2022-07-27,80150.0,80971.0,79650.0,80864.953125,5546
2022-07-28,81010.0,83300.0,81010.0,83046.5,14509
2022-07-29,83479.0,83970.0,82552.296875,83818.1484375,12547
2022-08-01,84000.0,87400.0,83998.3515625,86950.3515625,16248
2022-08-02,86930.0,88950.0,86300.0,88173.1484375,18522
2022-08-03,88174.0,88950.0,87216.75,88738.953125,15400
2022-08-04,88988.953125,89499.8984375,87736.6484375,88711.796875,11181
2022-08-05,89000.0,89150.0,87855.953125,88895.453125,9228
2022-08-08,88500.046875,88900.0,87500.0,87717.5,8338
2022-08-10,86805.0,87234.8984375,82610.0,83466.6015625,26092
2022-08-11,83999.0,84598.0,82101.0,82500.703125,12363
2022-08-12,82995.0,84338.203125,82271.546875,83130.8515625,10606
2022-08-16,83500.0,87593.296875,83400.1015625,86971.453125,28904
2022-08-17,87000.0,87925.296875,86381.0,86853.6015625,18111
2022-08-18,86844.953125,87988.046875,85806.296875,87591.546875,14967
2022-08-19,87989.0,88361.8515625,86436.953125,86825.8984375,11885
2022-08-22,86808.953125,86876.953125,84510.0,84828.25,11433
2022-08-23,83930.0,86779.953125,83800.0,85895.453125,13741
2022-08-24,85799.953125,86699.75,84800.046875,85264.5,8432
2022-08-25,85599.0,86500.0,85178.796875,85445.0,12922
2022-08-26,86400.0,86445.0,85000.0,85272.25,6083
2022-08-29,84629.953125,84894.75,83479.0,84418.6484375,5901
2022-08-30,84895.0,86263.796875,84740.0,85364.953125,14199
2022-09-01,85444.0,85982.8984375,84500.0,85142.75,6632
2022-09-02,85795.0,85979.25,84202.0,84356.8984375,7733
2022-09-05,84889.0,85100.0,84101.296875,84254.046875,4058
2022-09-06,84779.453125,85889.953125,84412.046875,85257.703125,11784
2022-09-07,84900.0,85910.953125,84900.0,85133.296875,5967
2022-09-08,85599.0,86449.8984375,85220.0,85396.3984375,7893
2022-09-09,85838.3515625,85990.0,84013.0,84208.046875,6406
2022-09-12,84550.0,85900.0,84250.0,85808.296875,8568
2022-09-13,86000.1015625,86350.0,85315.046875,85551.25,5533
2022-09-14,83750.0,86444.046875,83750.0,86071.703125,9618
2022-09-15,86488.0,93887.0,85685.1484375,92868.453125,66242
2022-09-16,92490.0,93200.0,85716.0,86112.8515625,52693
2022-09-19,87299.953125,87600.0,84600.0,86352.796875,35699
2022-09-20,86994.0,87388.0,85055.546875,85661.0,17796
2022-09-21,85899.0,86499.0,84003.953125,84281.6484375,17007
2022-09-22,84600.0,85200.0,83400.0,84511.5,14055
2022-09-23,84900.0,85100.0,82169.8984375,82599.1484375,16345
2022-09-26,82399.5,82399.5,78689.953125,79156.296875,17075
2022-09-27,79700.953125,81446.296875,79450.0,79831.046875,18319
2022-09-28,79825.0,81102.703125,79311.453125,80416.703125,15206
2022-09-29,81103.0,81938.796875,78800.0,79622.0,16538
2022-09-30,80080.0,82131.1015625,79022.6484375,81654.546875,15688
2022-10-03,82100.0,82100.0,80100.0,80624.25,9872
2022-10-04,81897.0,83000.0,81277.6484375,82825.453125,10705
2022-10-06,83238.0,83856.1015625,82253.0,82440.1484375,10841
2022-10-07,82499.0,82989.953125,81803.046875,82769.6484375,8103
2022-10-10,81825.0,82700.0,81222.0,82302.1015625,8792
2022-10-11,82713.6484375,83082.953125,80735.25,81081.046875,10869
2022-10-12,81486.5,82636.046875,81200.1484375,82481.703125,8355
2022-10-13,82369.8515625,82700.0,81700.0,82112.3515625,8430
2022-10-14,82990.0,83200.0,81010.296875,81350.1484375,7118
2022-10-17,81390.0,82641.046875,80789.046875,82267.953125,8749
2022-10-18,82670.0,83300.0,82426.75,83088.1484375,5618
2022-10-19,83105.0,84500.0,82500.0,83149.453125,9220
2022-10-20,83100.0,84500.0,83100.0,84171.796875,12767
2022-10-21,84210.046875,88187.8984375,84210.046875,86224.796875,36192
2022-10-24,87319.0,87932.203125,85890.0,86291.546875,3801
2022-10-25,86699.0,87700.0,86107.6015625,87342.8515625,14532
2022-10-27,88200.0,88299.0,86650.0,87362.8515625,10885
2022-10-28,87360.0,89550.0,87299.0,89368.296875,26116
2022-10-31,89368.296875,91250.0,89300.046875,90767.0,16620
2022-11-01,90800.0,92099.953125,90300.0,90830.203125,14548
2022-11-02,91189.0,91500.0,90408.3515625,90620.796875,11945
2022-11-03,90575.0,91499.0,90300.0,90658.1484375,8267
2022-11-04,91000.0,91500.0,90500.0,91248.1484375,6468
2022-11-07,91698.0,96000.0,91387.453125,94900.1015625,28285
2022-11-09,91450.0,91999.453125,85901.6484375,87017.453125,80686
2022-11-10,87017.453125,88347.796875,85100.0,87468.6484375,24162
2022-11-11,88490.0,88858.75,85855.1015625,86156.3984375,17194
2022-11-14,86587.203125,86750.0,85200.0,86179.8515625,13612
2022-11-15,86610.75,87850.0,86179.8515625,87574.25,19773
2022-11-16,87550.0,88300.0,87000.25,87686.0,9638
2022-11-17,88000.0,88150.0,87140.25,87890.453125,8525
2022-11-18,87999.0,88394.8515625,87409.703125,88092.703125,6997
2022-11-21,88300.0,89397.0,87220.0,89097.203125,11462
2022-11-22,89005.0,89800.0,88500.0,88956.203125,9016
2022-11-23,89309.953125,89654.0,88685.953125,88973.1484375,6407
2022-11-24,89199.0,89600.0,88687.203125,89404.6484375,6000
2022-11-25,89365.0,90388.0,89001.0,89904.6015625,9260
2022-11-28,90000.0,91969.0,89930.046875,91533.796875,13196
2022-11-29,92000.0,92800.0,91900.046875,92565.1484375,11792
2022-11-30,92800.0,94103.453125,92269.0,93557.546875,17300
2022-12-01,94000.0,95151.203125,93234.6015625,94325.5,16380
2022-12-02,94490.0,94988.0,93234.0,94554.203125,11977
2022-12-05,94711.953125,95243.6484375,94052.453125,94673.703125,8584
2022-12-06,94599.0,94800.0,94060.046875,94516.8984375,6816
2022-12-07,94699.953125,95075.8984375,92616.546875,92885.3984375,13731
2022-12-08,93100.0,93479.953125,90250.0,91092.3984375,14507
2022-12-09,91309.0,92000.0,90065.1484375,91510.703125,10766
2022-12-12,91730.0,91730.0,90600.046875,91393.6484375,6440
2022-12-13,91455.0,91899.0,90601.0,90969.953125,5928
2022-12-14,91225.0,91947.296875,90943.75,91165.453125,4831
2022-12-15,91140.0,91699.953125,90502.0,90872.8515625,5201
2022-12-16,90521.0,90728.75,88600.0,89112.75,8992
2022-12-19,89113.0,90230.953125,88536.6484375,89916.953125,5089
2022-12-20,90199.8984375,90199.8984375,88700.0,89005.0,7210
2022-12-21,89299.0,89900.0,87278.75,88192.953125,7768
2022-12-22,88200.046875,88899.75,87501.0,88192.75,5601
2022-12-23,88140.0,88140.0,85774.25,86071.0,7258
2022-12-26,85802.453125,88373.953125,85201.046875,87596.6015625,6899
2022-12-27,88000.0,88490.0,87500.0,88090.1484375,5533
2022-12-28,87760.0,88590.0,87500.0,87923.25,5192
2022-12-29,87900.0,87900.0,86611.453125,87567.953125,6365
2022-12-30,87900.0,89250.0,87812.25,88535.453125,6766
2023-01-02,88600.0,88745.3515625,87879.703125,88051.203125,4248
2023-01-03,88397.8984375,89121.0,87962.703125,88876.1484375,4793
2023-01-04,88892.0,89073.546875,87398.0,88012.25,7515
2023-01-05,88500.0,91900.0,88441.953125,91275.796875,22626
2023-01-06,91580.0,93400.0,90557.796875,93141.5,28710
2023-01-09,93600.0,93998.75,92902.0,93447.6015625,8191
2023-01-10,93250.0,94480.0,93093.8984375,94163.953125,11295
2023-01-11,94261.0,94399.8515625,90750.0,91142.0,12684
2023-01-12,91597.75,91663.5,88573.0,89518.25,13853
2023-01-13,89700.0,90650.0,89156.296875,89712.953125,13692
2023-01-16,90100.0,90679.6015625,89000.0,89228.3515625,9198
2023-01-17,89682.8515625,89965.8984375,89010.046875,89526.75,6548
2023-01-18,89360.0,90399.953125,89279.953125,90196.8515625,6516
2023-01-19,89999.0,90899.0,89819.0,90484.0,5767
2023-01-20,90484.0,91198.8984375,89255.6484375,89557.0,7211
2023-01-23,89995.0,90539.75,89679.953125,90280.3515625,4493
2023-01-24,90500.0,90949.3984375,90045.046875,90414.5,4227
2023-01-25,90300.0,90436.0,88429.6015625,89571.75,5737
2023-01-27,89640.0,89665.75,86911.3515625,88261.1015625,9731
2023-01-30,88360.0,90207.0,88062.75,89263.8984375,7747
2023-01-31,89500.0,91090.0,89405.046875,90869.3984375,11151
2023-02-01,91000.0,92950.0,90722.546875,91961.453125,11990
2023-02-02,91700.0,93000.0,91052.6484375,92817.3515625,7087
2023-02-03,93449.0,93449.0,91450.0,92853.3515625,8666
2023-02-06,92785.0,93241.453125,92211.546875,92677.8515625,6467
2023-02-07,92600.0,92700.0,91550.0,91739.8515625,5791
2023-02-08,91630.0,92484.8515625,90739.8515625,92275.6484375,5787
2023-02-09,92275.0,93100.0,87351.0,88813.046875,36042
2023-02-10,89000.0,89976.8984375,88125.6484375,89070.8984375,10500
2023-02-13,89408.0,89408.0,88200.0,88803.8984375,7364
2023-02-14,89260.0,89260.0,87500.0,88050.0,6328
2023-02-15,88390.0,89074.203125,88050.0,88855.453125,6123
2023-02-16,88800.0,89971.703125,88722.203125,89215.796875,8304
2023-02-17,89120.0,89668.0,88550.0,88739.703125,4351
2023-02-20,89000.0,90000.0,88717.1015625,89181.1015625,5810
2023-02-21,89648.0,90445.0,89121.25,89957.203125,6804
2023-02-22,89958.0,90000.0,87500.0,87658.296875,10970
2023-02-23,87999.0,88249.0,86001.0,86730.8515625,10316
2023-02-24,87350.0,87462.0,86650.0,86800.703125,4732
2023-02-27,86786.0,86786.0,84802.046875,85143.1015625,7189
2023-02-28,85565.0,85898.203125,84640.0,85256.6015625,9473
2023-03-01,85654.25,86444.953125,84827.5,86068.6015625,6829
2023-03-02,86480.0,87150.0,86000.0,86802.703125,4710
2023-03-03,87001.0,87399.3984375,86200.8984375,86363.1484375,5234
2023-03-06,86400.0,87250.0,86400.0,86715.3515625,4610
2023-03-08,86557.0,87199.0,86471.1484375,86752.796875,4988
2023-03-09,86800.0,87169.046875,85360.0,85596.8984375,6402
2023-03-10,85499.8984375,85549.953125,84351.0,85111.203125,4951
2023-03-13,85330.0,85591.546875,82812.453125,83076.296875,7256
2023-03-14,83389.953125,83661.8984375,82280.3984375,82492.296875,6817
2023-03-15,83192.0,83199.0,81974.3515625,82107.1015625,4360
2023-03-16,82101.0,83501.0,81380.046875,83140.703125,7114
2023-03-17,83556.0,83556.0,82050.0,82901.796875,10903
2023-03-20,83556.0,83688.953125,82235.3515625,83559.953125,5263
2023-03-21,83600.0,85710.0,83232.203125,83746.0,6860
2023-03-22,83900.0,84500.0,83675.046875,84399.8515625,2961
2023-03-23,84349.0,84778.75,84000.0,84164.6484375,2966
2023-03-24,84448.953125,84778.953125,83700.0,83878.5,3982
2023-03-27,83878.0,84549.8984375,83416.953125,83709.75,3643
2023-03-28,83899.0,84253.8984375,82223.546875,82365.3515625,4242
2023-03-29,81900.0,82701.5,81786.5,82012.0,5133
2023-03-31,82422.0,84444.0,82088.25,84047.203125,5856
2023-04-03,84047.203125,84550.0,83752.0,84400.8515625,2396
2023-04-05,84284.203125,84746.5,83830.0,83949.8984375,2944
2023-04-06,84000.0,84500.0,83325.75,84005.546875,3733
2023-04-10,83750.0,84780.0,83750.0,84398.453125,3582
2023-04-11,84601.046875,85298.296875,84294.296875,84617.0,3034
2023-04-12,84800.8984375,85794.203125,84750.0,85456.25,4928
2023-04-13,85699.0,85700.046875,85407.3515625,85516.953125,2496
2023-04-17,85499.0,85700.0,85001.0,85376.3515625,2573
2023-04-18,85500.0,87495.0,85487.453125,86821.3515625,6492
2023-04-19,87000.0,87343.703125,85697.0,85837.25,2897
2023-04-20,86279.0,86869.203125,86012.1484375,86502.6484375,2998
2023-04-21,86300.0,86950.0,86090.1484375,86517.3984375,3418
2023-04-24,86945.0,87200.0,86300.0,86896.1484375,3160
2023-04-25,87100.0,87399.953125,86086.0,86561.453125,3991
2023-04-26,86550.0,87332.8984375,86400.0,87231.203125,4413
2023-04-27,87497.0,87600.0,86810.0,87455.8984375,3368
2023-04-28,87437.3515625,89300.0,87376.0,89006.796875,7620
2023-05-02,89007.0,89498.8984375,88002.046875,88596.8984375,5222
2023-05-03,88787.953125,94390.0,88318.8515625,93559.796875,47192
2023-05-04,94000.0,95760.0,93026.25,95110.796875,28698
2023-05-05,95110.796875,98974.6484375,94500.0,98614.046875,44972
2023-05-08,98620.0,99933.5,97398.25,97730.6484375,26682
2023-05-09,98149.5,99200.0,97201.3515625,97499.75,13521
2023-05-10,98200.0,98200.0,96575.046875,97229.3515625,9964
2023-05-11,97700.0,98240.0,97200.0,97361.0,9435
2023-05-12,97760.0,97800.0,96600.046875,96689.1484375,6319
2023-05-15,96705.0,97656.3515625,95150.0,96900.8984375,9670
2023-05-16,96800.0,97600.0,96400.0,96551.8515625,9357
2023-05-17,96536.0,97900.0,96299.796875,97655.1015625,9469
2023-05-18,97872.25,98400.0,96800.1015625,97060.703125,8164
2023-05-19,97258.046875,97280.953125,95700.0,96236.6484375,10866
2023-05-22,96356.6484375,96553.3984375,95674.25,95911.453125,7085
2023-05-23,96066.0,96453.796875,95225.296875,95487.6484375,9019
2023-05-24,95550.0,97458.3984375,95338.546875,95640.296875,13583
2023-05-25,95680.0,97052.5,95570.3984375,96727.3515625,8319
2023-05-26,96735.0,98171.0,96601.1484375,97881.796875,6694
2023-05-29,98050.0,98440.8984375,97475.0,97782.203125,4096
2023-05-30,97782.203125,97935.0,96900.0,97096.3984375,4289
2023-05-31,96906.3984375,98650.75,96650.1015625,97211.703125,13323
2023-06-01,97100.0,97988.953125,97099.0,97567.296875,3795
2023-06-02,97567.296875,98100.0,96067.546875,96368.5,7514
2023-06-05,96880.0,97187.953125,96502.1484375,96797.453125,3003
2023-06-06,96888.0,97249.5,96227.6484375,96636.25,4249
2023-06-07,97000.0,99230.5,96775.1484375,97553.1015625,10781
2023-06-08,97610.0,98599.0,96900.0,97077.3515625,9411
2023-06-09,97264.0,98597.8984375,97150.0,98390.953125,8604
2023-06-12,98335.1015625,99400.0,98152.75,98968.546875,7627
2023-06-13,99150.203125,100439.953125,99150.203125,99992.8515625,16655
2023-06-14,99993.0,100400.0,99400.0,100114.1484375,9786
2023-06-15,100099.0,100849.6015625,99711.0,100081.0,8297
2023-06-16,100083.0,100694.953125,99549.5,99892.5,9713
2023-06-19,100000.0,100651.0,99557.046875,99758.203125,4964
2023-06-20,100200.0,100200.0,98280.1015625,99348.203125,8914
2023-06-21,99648.0,100950.0,99484.3515625,100422.203125,10714
2023-06-22,100400.0,100900.0,99500.0,99868.453125,5564
2023-06-23,99977.0,99977.0,98880.046875,99492.046875,4670
2023-06-26,99799.953125,100079.8984375,99071.796875,99954.6484375,3699
2023-06-27,99900.0,100500.953125,99300.0,99591.25,7862
2023-06-28,99891.25,100699.8515625,99600.0,100387.203125,4178
2023-06-30,100598.0,101648.296875,100020.25,101260.5,9620
2023-07-03,101073.0,101888.0,99600.0,99899.453125,9229
2023-07-04,100480.0,100480.0,99000.0,99148.8984375,5734
2023-07-05,99600.0,100300.0,99099.0,100191.203125,5430
2023-07-06,100215.0,101888.0,100043.5,101306.5,8593
2023-07-07,101180.0,101974.953125,100680.0,101227.6484375,6354
2023-07-10,101177.0,101842.296875,100400.25,100602.8515625,5534
2023-07-11,100949.8984375,102214.8984375,100811.046875,101930.203125,7421
2023-07-12,101899.0,102494.953125,101652.703125,102231.3984375,6691
2023-07-13,102102.0,102300.0,101003.296875,101263.953125,3256
2023-07-14,101450.0,102400.0,101264.25,102141.203125,5109
2023-07-17,102141.203125,102341.203125,101820.5,101988.1484375,2065
2023-07-18,102000.0,102499.953125,101611.046875,102245.453125,3212
2023-07-19,102256.0,102990.0,102065.296875,102718.1484375,4956
2023-07-20,102500.0,102733.953125,101600.0,101896.203125,3770
2023-07-21,101999.296875,102300.296875,101550.0,102089.25,2112
2023-07-24,102100.0,103186.703125,101750.0,102723.5,4020
2023-07-25,102202.1015625,102699.0,102000.0,102525.796875,2053
2023-07-26,103000.0,103263.5,102000.0,102205.1484375,4152
2023-07-27,102625.0,102899.0,101870.3515625,102403.1484375,2542
2023-07-28,102050.203125,102792.1484375,101880.703125,102534.1484375,2608
2023-07-31,102270.0,103298.8515625,102100.0,102956.25,3198
2023-08-01,102507.1484375,103570.953125,102507.1484375,103285.75,3426
2023-08-02,102998.0,103199.953125,102000.0,102589.203125,3702
2023-08-03,102603.0,107600.0,101400.046875,106973.3515625,23043
2023-08-04,108469.0,111997.0,106775.3515625,111296.5,26665
2023-08-07,111472.0,111500.0,107912.3515625,108216.25,11175
2023-08-08,108216.25,108830.546875,105864.1484375,107634.8515625,11305
2023-08-09,107634.8515625,107999.0,106000.0,106416.8984375,8607
2023-08-10,106400.25,106753.296875,105600.046875,106355.6015625,6482
2023-08-11,106750.0,106750.0,105615.6015625,105989.25,4759
2023-08-14,105711.046875,106650.0,104807.0,106266.3515625,4265
2023-08-16,105500.0,106650.0,104834.3515625,106463.703125,4641
2023-08-17,105905.796875,106979.25,105905.796875,106472.8984375,4952
2023-08-18,106500.0,108000.0,106430.046875,107760.3515625,7089
2023-08-21,108500.0,108599.953125,107568.1015625,107798.453125,6810
2023-08-22,108300.0,108549.953125,107758.0,108411.796875,3566
2023-08-23,108410.0,109200.0,108051.1484375,108675.546875,4181
2023-08-24,109399.0,109399.0,108106.0,108595.1484375,4788
2023-08-25,108127.6484375,108895.703125,108000.546875,108542.0,3562
2023-08-28,108523.703125,108900.546875,107921.546875,108288.0,3583
2023-08-29,108353.703125,109000.0,108250.8515625,108812.5,2244
2023-08-30,108999.0,109778.6484375,108812.5,109593.953125,2943
2023-08-31,109677.0,109677.0,108266.3515625,108686.25,5954
2023-09-01,109500.0,109500.0,107559.046875,107984.1484375,6574
2023-09-04,108499.0,108980.0,107347.546875,108195.3984375,4965
2023-09-05,108453.703125,108800.0,107888.1484375,108520.0,3494
2023-09-06,108250.5,109537.953125,107500.0,109395.75,8365
2023-09-07,108831.0,109885.6015625,108798.796875,109205.1484375,2632
2023-09-08,109300.0,109420.75,108600.203125,108858.3984375,2652
2023-09-11,109450.0,109850.0,108905.0,109440.453125,3871
2023-09-12,109800.0,109800.0,107555.046875,107916.203125,8831
2023-09-13,108108.0,109191.6484375,107476.796875,109058.6484375,7363
2023-09-14,109000.0,111200.0,109000.0,111001.25,6353
2023-09-15,111000.0,112727.953125,108539.703125,109233.8515625,14149
2023-09-18,109666.0,109798.75,108060.0,109003.953125,7075
2023-09-20,109000.0,109764.6484375,108100.0,109603.8984375,4471
2023-09-21,109017.6015625,109775.0,108500.0,108841.6484375,3636
2023-09-22,108500.0,109350.0,108477.046875,108655.046875,3372
2023-09-25,108999.953125,109489.8984375,107651.0,109360.203125,6572
2023-09-26,109300.0,109979.953125,108981.453125,109719.6015625,3557
2023-09-27,109719.6015625,110500.0,109251.8984375,110285.3984375,2909
2023-09-28,110112.0,110277.5,108306.1015625,108726.3984375,7911
2023-09-29,108725.8515625,109362.3515625,106800.0,107295.6015625,9966
2023-10-03,108149.75,108600.6015625,106551.046875,108294.453125,5523
2023-10-04,108249.796875,108249.796875,106441.1015625,106901.3984375,3710
2023-10-05,107300.0,107820.0,106583.046875,106770.5,3120
2023-10-06,107000.0,108000.0,107000.0,107550.25,3580
2023-10-09,107350.0,107684.546875,106405.0,107266.953125,4229
2023-10-10,107699.0,108010.546875,107001.0,107204.1015625,4103
2023-10-11,107320.0,108162.703125,107298.8984375,107738.1484375,3534
2023-10-12,108100.0,108850.0,107910.1484375,108685.25,3311
2023-10-13,108754.0,109250.0,108300.1484375,109092.75,3150
2023-10-16,108990.1015625,109850.0,108320.953125,109548.453125,4661
2023-10-17,110700.0,113439.296875,110611.546875,110885.75,15221
2023-10-18,111000.0,111099.953125,109401.046875,109672.796875,5862
2023-10-19,109400.5,110149.953125,108701.0,109575.046875,5030
2023-10-20,109170.1015625,110046.3984375,108900.046875,109504.6015625,3657
2023-10-23,109350.0,110400.0,108639.1484375,108977.3515625,9731
2023-10-25,109299.953125,109948.8515625,108150.0,108632.453125,4580
2023-10-26,108700.0,108700.0,107075.953125,107481.296875,5675
2023-10-27,108279.0,108876.0,107629.3515625,108190.796875,3807
2023-10-30,108190.796875,109449.6015625,107919.453125,109015.703125,4654
2023-10-31,109499.953125,109499.953125,107907.1015625,108297.796875,8331
2023-11-01,108500.0,109275.0,108349.796875,108583.796875,3163
2023-11-02,109500.203125,110800.0,108925.0,110500.046875,5623
2023-11-03,110749.796875,111800.0,107300.0,107723.25,25427
2023-11-06,108895.0,108895.0,107103.203125,107391.8515625,7716
2023-11-07,108000.0,108000.0,107008.046875,107185.3984375,4702
2023-11-08,107830.0,108700.0,107330.1015625,108348.1015625,5787
2023-11-09,108325.5,109108.953125,107774.3984375,108078.203125,5103
2023-11-10,108299.0,108479.8984375,107338.1015625,108295.703125,3311
2023-11-13,108500.0,108500.0,107033.046875,107637.6015625,6671
2023-11-15,108299.0,109510.453125,107812.6015625,109379.5,6906
2023-11-16,109020.0,110500.0,109000.0,110298.8515625,5724
2023-11-17,110000.0,112599.8984375,109800.3515625,111475.25,11891
2023-11-20,111339.0,111600.0,110649.953125,111390.953125,4443
2023-11-21,111400.0,111749.953125,110882.703125,111434.296875,2888
2023-11-22,111002.1015625,111785.953125,110617.546875,111197.75,3222
2023-11-23,111200.0,111999.953125,111118.0,111378.703125,1854
2023-11-24,111000.0,111550.0,110768.1484375,111448.203125,2854
2023-11-28,111400.0,111800.0,111200.0,111546.953125,3104
2023-11-29,111600.046875,112496.25,111600.046875,112266.546875,5354
2023-11-30,112200.0,112989.953125,111443.203125,111683.0,13163
2023-12-01,111651.0,112100.0,111110.5,111409.296875,3677
2023-12-04,112000.0,112099.8515625,110856.203125,111506.6484375,4689
2023-12-05,111690.0,114459.0,110985.046875,113729.8515625,7340
2023-12-06,113720.0,114499.953125,113450.75,114088.8515625,3569
2023-12-07,114090.0,119000.0,113844.1015625,117408.546875,11242
2023-12-08,117450.0,118099.796875,117021.25,117949.3984375,7684
2023-12-11,117950.0,119600.0,117616.1015625,119050.453125,9161
2023-12-12,119050.453125,120351.0,118900.0,119502.8984375,8705
2023-12-13,119500.0,120067.953125,119146.0,119785.25,3862
2023-12-14,119950.0,121000.0,119550.046875,120558.796875,4276
2023-12-15,120559.796875,121193.3515625,119851.3984375,120084.046875,4857
2023-12-18,120086.0,120277.0,119312.3515625,119418.6484375,3968
2023-12-19,119312.75,120000.0,118567.453125,118784.6015625,4139
2023-12-20,119500.0,119598.046875,117000.0,117318.953125,4608
2023-12-21,117000.953125,117727.953125,115500.046875,117575.203125,4166
2023-12-22,119660.0,120699.953125,117900.046875,119544.296875,12705
2023-12-26,120280.0,120499.0,119701.0,120269.3515625,2962
2023-12-27,120269.3515625,121343.8984375,120000.0,121038.546875,4444
2023-12-28,121233.0,126630.6015625,121000.0,125861.3515625,13240
2023-12-29,126100.0,130399.3515625,125084.6484375,129579.25,17516
2024-01-01,129570.0,130734.3515625,129000.0,129423.546875,9043
2024-01-02,129450.0,130269.6015625,127257.1015625,129992.296875,8846
2024-01-03,129740.0,130955.0,129000.0,130595.8515625,7203
2024-01-04,130500.0,131950.0,130149.0,131509.75,6833
2024-01-05,131600.0,133500.046875,131600.0,132701.25,8182
2024-01-08,133401.0,133599.953125,131200.0,131920.59375,7613
2024-01-09,132000.0,133100.0,131202.203125,131692.453125,5777
2024-01-10,132099.0,132199.59375,130210.0,131828.40625,5915
2024-01-11,132459.0,133625.0,132002.703125,133368.0,4736
2024-01-12,133868.0,134639.90625,132661.34375,134351.09375,6940
2024-01-15,134699.0,136799.953125,133650.046875,135951.15625,8379
2024-01-16,135215.296875,137800.0,135215.296875,136594.703125,7490
2024-01-17,136229.0,150254.15625,134000.046875,134878.296875,37455
2024-01-18,136400.0,137949.953125,133750.0,137587.203125,14497
2024-01-19,138995.296875,139995.953125,138033.34375,139431.953125,10260
2024-01-23,145786.0,147849.796875,139821.25,140997.25,22069
2024-01-24,141900.0,141999.84375,136105.25,139771.046875,17366
2024-01-25,140457.0,140599.953125,136133.046875,136857.953125,13504
2024-01-29,136857.15625,144150.0,136333.046875,143873.59375,26375
2024-01-30,144650.0,144750.0,140004.0,140619.84375,13414
2024-01-31,141000.0,142844.953125,140500.09375,142577.40625,11634
2024-02-01,143500.0,144350.0,141701.0,142477.796875,12544
2024-02-02,143000.0,143499.453125,140447.296875,140941.84375,12058
2024-02-05,142885.0,143974.34375,140411.296875,141645.75,19822
2024-02-06,142245.0,143600.0,141761.09375,143387.703125,8245
2024-02-07,144385.0,144827.546875,142532.0,142996.796875,7534
2024-02-08,143850.0,143850.0,142010.046875,142483.09375,7121
2024-02-09,143750.0,143750.0,136300.0,137083.34375,26614
2024-02-12,137600.0,144769.59375,137555.0,143802.75,40809
2024-02-13,144802.0,145406.5,142500.59375,144627.40625,15951
2024-02-14,144100.0,148035.5,142768.40625,147284.5,11908
2024-02-15,148000.0,150199.40625,147050.0,148509.84375,16290
2024-02-16,148848.0,149200.0,147499.90625,148054.5,9418
2024-02-19,148998.40625,149549.953125,148101.0,148902.296875,11657
2024-02-20,148354.0,148938.046875,147129.546875,148626.09375,6520
2024-02-21,148700.0,150794.703125,148700.0,149685.953125,12528
2024-02-22,149206.0,150740.0,148903.046875,150164.5,7334
2024-02-23,150164.5,151445.0,150050.0,150725.0,7594
2024-02-26,150850.0,151224.75,147375.15625,148374.75,24255
2024-02-27,148900.0,149650.0,146108.0,147149.15625,11115
2024-02-28,147500.0,148500.0,145700.0,146028.40625,9984
2024-02-29,146300.0,147087.40625,144746.703125,146081.546875,58201
2024-03-01,146081.546875,147500.0,144100.0,145186.0,8313
2024-03-04,145625.0,146800.0,144615.75,146145.796875,9680
2024-03-05,146499.953125,147144.953125,145000.0,145396.25,4157
2024-03-06,145580.0,146149.953125,144000.0,145740.09375,5515
2024-03-07,145735.90625,145735.90625,143528.203125,143956.65625,7336
2024-03-11,144500.0,145337.296875,143885.703125,144950.703125,10522
2024-03-12,144644.5,144644.5,141600.0,142276.65625,6303
2024-03-13,142276.65625,143500.0,137746.90625,139057.703125,9846
2024-03-14,139100.0,142923.40625,138900.0,140301.703125,7838
2024-03-15,140500.0,142632.796875,137545.84375,141312.046875,23415
2024-03-18,141300.0,141300.0,136300.0,137012.75,16839
2024-03-19,136990.0,136990.0,132150.15625,132679.75,13171
2024-03-20,132680.046875,134039.046875,129614.6015625,131512.65625,14354
2024-03-21,132022.0,132969.90625,131045.546875,131583.59375,10316
2024-03-22,131700.0,132749.90625,130500.0,131302.953125,11040
2024-03-26,131995.0,132317.34375,130700.046875,131645.40625,7707
2024-03-27,132000.0,133843.90625,131264.0,131809.40625,7985
2024-03-28,132889.0,134000.0,132000.5,133387.34375,10442
2024-04-01,135995.0,136989.90625,134555.046875,135719.34375,12671
2024-04-02,136300.0,137489.953125,134906.703125,137092.796875,7756
2024-04-03,137199.0,137554.953125,136000.0,136190.703125,6928
2024-04-04,136398.0,137117.25,135101.0,135360.953125,5388
2024-04-05,135690.0,136100.0,134500.0,135464.59375,6537
2024-04-08,134807.0,135799.0,130775.25,132708.453125,15744
2024-04-09,132920.0,133989.703125,132679.09375,132923.703125,3764
2024-04-10,133500.0,133887.953125,132250.0,132679.59375,4292
2024-04-12,133000.0,133349.5,131500.0,131716.5,4795
2024-04-15,131399.5,131399.5,129170.0,129443.796875,8752
2024-04-16,128500.0,130688.703125,128001.1484375,130156.1484375,6799
2024-04-18,130749.953125,131503.09375,129003.8515625,129231.5,4811
2024-04-19,128921.0,129521.046875,127312.1015625,129157.6484375,6377
2024-04-22,129900.0,131651.0,128709.1015625,129020.046875,6055
2024-04-23,129500.0,130104.1015625,128754.953125,129226.703125,5398
2024-04-24,129437.796875,130147.6015625,128325.046875,128524.453125,4696
2024-04-25,128500.0,129874.6015625,128200.0,129632.703125,5828
2024-04-26,129700.0,130750.0,129632.703125,130237.75,3735
2024-04-29,131000.0,131240.0,130400.0,130821.296875,3233
2024-04-30,131052.6484375,135582.40625,131052.6484375,133019.453125,14637
2024-05-02,134038.453125,135000.0,132500.0,133861.953125,9911
2024-05-03,134300.0,134300.0,127767.8984375,128560.3984375,32315
2024-05-06,129450.0,129450.0,125001.1015625,126475.5,16067
2024-05-07,126475.5,126986.046875,123111.1015625,124514.5,13141
2024-05-08,124514.5,127190.1484375,123840.0,126677.6484375,9470
2024-05-09,126300.0,127699.8984375,125800.0,126225.1484375,7038
2024-05-10,126700.0,127850.953125,125543.453125,127595.703125,5922
2024-05-13,127595.703125,129199.796875,125623.1484375,128881.8984375,9777
2024-05-14,128700.0,129000.0,127700.0,128194.953125,5329
2024-05-15,128000.0,128549.953125,127301.953125,127445.453125,6132
2024-05-16,127555.0,129150.0,127050.0,128964.296875,6690
2024-05-17,128900.0,129589.1484375,128400.0,129143.6015625,9747
2024-05-21,127560.0,129992.296875,127560.0,129620.75,7993
2024-05-22,129650.0,130200.0,129000.0,129481.25,7108
2024-05-23,129481.25,130585.0,129051.046875,130160.75,11228
2024-05-24,130150.0,131497.0,128968.203125,131039.546875,8423
2024-05-27,130800.0,132800.0,130151.0,130953.75,16733
2024-05-28,131300.0,131498.203125,129000.0,129109.203125,5327
2024-05-29,129500.0,129699.953125,127920.0,128147.8515625,5173
2024-05-30,128000.0,128002.5,125050.0,125466.046875,8549
2024-05-31,126100.0,126899.953125,125027.546875,125431.5,14691
2024-06-03,128900.0,128900.0,126700.1484375,126970.3984375,17642
2024-06-04,127000.0,127000.0,116347.8515625,121903.203125,19731
2024-06-05,123150.0,128328.3515625,122016.8984375,127959.703125,9992
2024-06-06,128500.0,128697.6484375,125933.546875,126132.046875,10281
2024-06-07,126132.046875,127450.0,125801.5,127280.453125,7440
2024-06-10,128199.0,128200.0,126049.3984375,126963.296875,14250
2024-06-11,126970.0,127500.0,126055.0,126258.8984375,4595
2024-06-12,126400.0,126900.0,125830.046875,126077.453125,5185
2024-06-13,126101.453125,126765.296875,125851.1484375,126079.6015625,2995
2024-06-14,126079.0,126326.0,125387.0,125580.703125,5958
2024-06-18,125580.703125,126329.953125,125580.703125,125848.203125,3439
2024-06-19,125900.0,126197.953125,124750.0,124948.75,3973
2024-06-20,125200.0,126700.0,124615.3515625,126301.1484375,6497
2024-06-21,126300.0,127100.0,125000.0,125289.296875,7878
2024-06-24,125694.0,126344.3984375,124500.0,125245.296875,9053
2024-06-25,126000.0,127770.0,125460.296875,126954.8515625,6690
2024-06-26,127480.0,127480.0,125800.5,125927.453125,5775
2024-06-27,125927.453125,126154.453125,124800.046875,125211.0,6984
2024-06-28,125511.0,130837.3984375,125399.953125,129459.1484375,21408
2024-07-01,129600.5,130500.0,127701.5,129667.953125,11010
2024-07-02,129770.0,129959.953125,128125.1015625,128687.1015625,6210
2024-07-03,129222.5,129325.046875,128000.0,128927.8984375,6825
2024-07-04,128975.0,129150.0,127830.046875,128517.8515625,4989
2024-07-05,128500.0,130650.0,128200.0,128951.046875,7882
2024-07-08,129174.0,131230.5,128058.953125,128771.1015625,20120
2024-07-09,129500.0,131649.953125,128759.796875,131350.546875,7879
2024-07-10,131999.0,131999.0,128200.0,130872.453125,7283
2024-07-11,130401.0,131332.953125,130280.0,130605.8984375,3872
2024-07-12,130610.0,130999.953125,129221.1484375,129690.8984375,4312
2024-07-15,130220.0,134350.0,130220.0,131261.84375,16952
2024-07-16,131850.0,133480.0,131400.0,133181.59375,8534
2024-07-18,132701.09375,133174.84375,130786.0,132300.84375,5679
2024-07-19,132250.0,132250.0,127500.0,128123.546875,18338
2024-07-22,128123.546875,131560.0,126600.1484375,130974.5,19170
2024-07-23,130501.0,133736.046875,126225.6015625,132004.703125,18946
2024-07-24,131470.15625,137876.0,130955.546875,137272.65625,22893
2024-07-25,134500.15625,139995.0,134500.15625,137590.09375,17629
2024-07-26,137890.0,139322.953125,136206.046875,138870.34375,13182
2024-07-29,138880.5,140478.296875,138500.0,139254.59375,12647
2024-07-30,139260.0,140500.0,139254.59375,139938.5,7514
2024-07-31,139950.0,142497.84375,139950.0,142249.046875,11737
2024-08-01,142461.5,143849.90625,139600.0,140266.15625,8618
2024-08-02,140265.0,140650.0,138001.0,138360.34375,6267
2024-08-05,136800.0,137900.0,135275.0,136468.59375,9577
2024-08-06,136025.0,139000.0,135300.0,135673.296875,7917
2024-08-07,137500.0,138673.296875,134206.046875,134605.5,6772
2024-08-08,134500.0,142500.0,132000.0,140391.546875,39876
2024-08-09,140391.546875,141249.84375,135400.0,136911.703125,17910
2024-08-12,137100.0,138500.0,134500.0,137285.5,15138
2024-08-13,138299.953125,138500.0,137020.0,137487.953125,4734
2024-08-14,137105.0,138149.953125,135522.84375,135970.453125,6578
2024-08-16,137250.0,137678.296875,134622.046875,136087.203125,9943
2024-08-19,136280.0,136999.25,134500.5,134923.75,9128
2024-08-20,135600.0,136218.703125,135051.0,135873.046875,4051
2024-08-21,135300.0,138000.0,135300.0,137831.34375,6885
2024-08-22,137437.796875,139898.0,137437.796875,139614.546875,5436
2024-08-23,139500.0,140500.0,138231.34375,138519.59375,5657
2024-08-26,139999.546875,140500.0,138361.15625,139324.453125,9279
2024-08-27,139360.0,139849.953125,138448.90625,138807.59375,4576
2024-08-28,139500.0,139500.0,136486.34375,136856.296875,6441
2024-08-29,137000.0,137312.84375,133390.0,134421.09375,10344
2024-08-30,135400.0,135490.0,134400.0,134833.453125,10322
2024-09-02,135450.0,136078.703125,134000.0,134195.25,6841
2024-09-03,134750.0,134798.0,134040.0,134419.0,4691
2024-09-04,134398.0,135459.796875,134055.453125,135326.90625,4118
2024-09-05,136250.0,136666.0,135500.0,136017.09375,3971
2024-09-06,136350.0,136700.0,134042.453125,134260.75,3820
2024-09-09,135000.0,135000.0,132600.0,133979.296875,6107
2024-09-10,134850.0,136359.90625,134255.65625,135759.40625,5084
2024-09-11,136220.0,136650.0,135141.796875,135345.953125,5167
2024-09-12,135798.0,136476.09375,135500.0,135962.25,3413
2024-09-13,136400.0,137599.953125,135800.046875,137353.953125,4948
2024-09-16,137800.0,138509.0,136100.0,136427.0,5576
2024-09-17,137050.0,137264.34375,135052.953125,135219.203125,2915
2024-09-18,135690.0,135690.0,133300.0,134242.703125,4978
2024-09-19,134700.0,136850.0,134122.953125,136347.59375,7839
2024-09-20,136500.0,136818.296875,135100.046875,135934.40625,13578
2024-09-23,136050.0,137500.0,136050.0,137234.796875,5664
2024-09-24,137210.0,137999.953125,136750.0,137813.0,5250
2024-09-25,137348.0,139855.65625,137300.15625,139156.15625,8665
2024-09-26,139250.0,139500.0,137697.046875,138852.15625,8335
2024-09-27,138700.0,142383.90625,138377.0,140973.90625,12240
2024-09-30,141000.0,141884.84375,138200.046875,138513.65625,6269
2024-10-01,139600.0,140447.09375,138950.203125,140262.90625,3931
2024-10-03,138000.0,139894.5,135924.40625,136104.34375,7483
2024-10-04,136600.0,136782.796875,133000.0,133408.75,10223
2024-10-07,135377.0,135500.0,130555.0,131237.84375,7958
2024-10-08,131600.0,132583.84375,130850.1015625,132140.203125,5944
2024-10-09,133800.0,133990.0,132450.84375,132583.296875,4681
2024-10-10,133600.0,133690.0,132000.0,132214.453125,3208
2024-10-11,132400.0,132417.90625,131151.203125,132197.59375,3353
2024-10-14,132197.59375,132900.0,131251.203125,131913.296875,5429
2024-10-15,131914.0,132499.953125,130850.0,131027.25,6023
2024-10-16,131000.25,131278.09375,129530.046875,130493.796875,5437
2024-10-17,130421.0,130949.8984375,129400.0,129811.75,3163
2024-10-18,129800.0,129950.0,128618.0,129444.6484375,3964
2024-10-21,130100.0,132000.0,128051.046875,128242.953125,9788
2024-10-22,128990.0,128990.0,126100.0,126407.25,5713
2024-10-23,126100.0,126755.0,124988.3984375,125493.953125,6712
2024-10-24,125600.0,125999.8515625,123950.0,124131.203125,5151
2024-10-25,124131.203125,124862.296875,121875.046875,122751.796875,6300
2024-10-28,122900.0,124298.0,122819.296875,123090.953125,5059
2024-10-29,123399.0,123400.0,120750.0,122507.8515625,5946
2024-10-30,122200.0,123163.3984375,121300.046875,121989.3515625,6372
2024-10-31,122100.0,122972.75,121503.0,122524.453125,4359
2024-11-01,122500.0,123499.453125,122500.0,123330.296875,927
2024-11-04,123750.0,123830.296875,120500.0,120876.75,9772
2024-11-05,120801.0,121243.8984375,118000.0,119530.1484375,9899
2024-11-06,119845.0,121840.796875,119845.0,121613.546875,6948
2024-11-07,121900.0,122333.6484375,120231.1015625,121025.953125,5330
2024-11-08,121000.0,121249.453125,117401.046875,119354.296875,15073
2024-11-11,120101.0,125154.046875,120050.0,123045.6015625,23062
2024-11-12,123700.0,124107.703125,120717.1015625,120924.1484375,8804
2024-11-13,120900.0,121659.953125,119925.296875,120483.703125,7941
2024-11-14,120400.0,121901.0,120283.0,120551.75,5012
2024-11-18,119088.1015625,121174.6484375,119024.1484375,120861.1015625,6728
2024-11-19,120900.0,124194.546875,120570.8515625,122950.6015625,9833
2024-11-21,123100.0,124099.953125,121751.046875,123509.8984375,6696
2024-11-22,123662.0,124742.796875,122538.1015625,124597.0,6464
2024-11-25,126000.0,126200.0,124000.0,124492.3515625,14605
2024-11-26,124700.0,125749.703125,124000.046875,124173.203125,4556
2024-11-27,124150.0,125299.953125,123110.25,124534.203125,5246
2024-11-28,124548.0,124689.953125,123458.046875,123662.3515625,6135
2024-11-29,123000.0,125432.1015625,122702.6484375,125251.296875,8271
2024-12-02,125100.0,125440.8515625,124261.0,125359.3515625,5110
2024-12-03,125500.0,125896.6015625,124894.5,125585.046875,5200
2024-12-04,125800.0,127200.0,125325.1015625,126841.3984375,7926
2024-12-05,126900.0,131210.0,126566.046875,130761.5,13817
2024-12-06,130900.0,132200.0,130416.203125,130635.546875,7588
2024-12-09,131240.0,133172.5,130800.546875,132151.40625,7413
2024-12-10,133100.0,133119.296875,131647.25,132458.25,6593
2024-12-11,132101.0,132800.0,131851.25,132517.40625,3350
2024-12-12,132600.0,132781.75,131655.59375,131872.40625,3243
2024-12-13,132000.0,133500.0,130900.046875,133235.25,5396
2024-12-16,133240.25,133442.796875,132300.0,132530.5,2755
2024-12-17,132530.5,132530.546875,130664.1015625,130976.6015625,4757
2024-12-18,131000.0,131499.34375,130100.0,130411.296875,3584
2024-12-19,129000.0,130103.953125,128888.0,129843.1015625,3035
2024-12-20,129843.1015625,130660.1015625,127556.1015625,128057.8984375,9524
2024-12-23,128060.0,130500.0,128060.0,130345.8984375,4229
2024-12-24,131180.0,131180.0,129950.0,130343.203125,2554
2024-12-26,129890.0,131500.0,129890.0,131204.203125,5181
2024-12-27,131000.0,132674.953125,130930.0,131553.796875,4886
2024-12-30,130955.0,131873.59375,129500.0,131141.75,10148
2024-12-31,130990.0,131400.0,129552.0,130634.8515625,3714
2025-01-01,130000.0,130789.25,129000.0,129374.5,2343
2025-01-02,129700.0,129839.046875,127800.0,129211.796875,7133
2025-01-03,129300.0,129800.0,125125.75,126362.5,8718
2025-01-06,126800.0,126919.25,122310.0,122869.953125,7675
2025-01-07,123450.0,124230.0,120700.1015625,121222.1484375,8586
2025-01-08,121998.8984375,121999.8515625,119001.0,119869.296875,7672
2025-01-09,120390.0,120749.8515625,118740.203125,118885.6484375,5782
2025-01-10,118330.0,119099.703125,117000.046875,117104.546875,5619
2025-01-13,117000.0,117000.0,112700.0,113003.796875,9530
2025-01-14,113003.796875,114700.0,112652.1484375,114213.3984375,8640
2025-01-15,115200.0,115200.0,113754.5,114227.0,5385
2025-01-16,114800.0,115300.046875,114138.046875,114463.6015625,4528
2025-01-17,114399.953125,114539.1484375,113301.1015625,113948.6484375,3965
2025-01-20,113948.6484375,114044.25,112100.0,113786.6015625,5911
2025-01-21,113790.0,115294.796875,111912.046875,112097.25,6999
2025-01-22,113000.0,113003.3984375,110525.6015625,111599.8515625,5531
2025-01-23,111400.0,112199.953125,110550.0,111739.5,7377
2025-01-24,112000.0,112667.796875,111011.453125,111484.546875,4615
2025-01-27,111479.0,111568.703125,110100.0,111256.453125,4370
2025-01-28,111076.953125,113092.8515625,111076.953125,112883.703125,9345
2025-01-29,112350.0,112800.3984375,111600.046875,112334.953125,5682
2025-01-30,112394.953125,113500.0,112045.3984375,112622.5,7858
2025-01-31,111800.0,114606.25,111800.0,113632.5,6999
2025-02-01,113632.5,114499.953125,112215.203125,114183.453125,4218
2025-02-03,114100.0,114990.3515625,113400.0,113793.296875,4291
2025-02-04,114000.0,115007.3984375,113111.0,114934.703125,5329
2025-02-05,114933.0,115419.953125,114325.1015625,114960.75,5231
2025-02-06,115200.0,115399.8984375,110000.0,114128.8984375,24120
2025-02-07,112450.0,115191.8984375,112300.203125,112875.1015625,9034
2025-02-10,113000.0,113393.3515625,110760.046875,111036.203125,6609
2025-02-11,111458.0,111529.75,108419.25,108716.453125,7514
2025-02-12,108716.453125,110967.5,106335.0,109394.1484375,11043
2025-02-13,110000.0,110380.0,109039.5,109767.0,5402
2025-02-14,109688.0,110598.75,108520.6015625,109474.8515625,4673
2025-02-17,109200.0,110371.3984375,108000.0,109984.0,5051
2025-02-18,109601.0,109999.953125,108700.0,109020.453125,3139
2025-02-19,108800.0,109900.0,108269.1015625,109570.703125,3428
2025-02-20,109750.0,110400.0,108880.6015625,109938.703125,3751
2025-02-21,109900.0,110371.0,108786.0,109263.296875,5319
2025-02-24,109260.0,109500.0,108149.0,108842.0,4368
2025-02-25,108700.0,109244.953125,107000.0,107203.953125,4923
2025-02-27,107399.0,107879.8515625,105250.453125,105723.3984375,8469
2025-02-28,105480.0,105649.75,103824.1015625,105373.703125,8766
2025-03-03,105500.0,106190.8515625,104025.0,105170.25,4599
2025-03-04,104900.0,105170.25,102351.0,102659.3984375,13881
2025-03-05,102345.6015625,105962.5,102124.046875,105805.5,6770
2025-03-06,106995.5,108250.0,106500.046875,107795.296875,5969
2025-03-07,107500.0,108650.0,107001.5,107202.953125,4698
2025-03-10,107839.0,108197.953125,106174.75,106650.6015625,5348
2025-03-11,106500.0,106859.953125,105576.046875,106534.296875,3772
2025-03-12,107000.0,107475.75,106309.0,107264.25,3589
2025-03-13,107264.25,107264.25,104800.0,105041.6015625,9096
2025-03-17,105200.0,106440.703125,105200.0,105410.796875,3890
2025-03-18,105410.796875,105410.796875,105410.796875,105410.796875,0
2025-03-19,107999.703125,110099.0,107999.703125,109922.796875,6057
2025-03-20,110500.0,111450.0,110161.1484375,111107.8984375,5687
2025-03-21,111440.0,112799.953125,111042.453125,112050.1484375,8367
2025-03-24,112990.0,114300.0,112651.296875,114020.796875,5731
2025-03-25,115925.0,116000.0,113509.8515625,114264.5,8037
2025-03-26,114126.5,115500.0,113900.1015625,114321.203125,5979
2025-03-27,114003.0,114200.0,112445.0,113264.046875,10576
2025-03-28,113800.0,114397.0,112084.3515625,112677.75,7320
2025-04-01,112500.0,114411.6484375,111900.0,113037.046875,3593
2025-04-02,113400.046875,115275.796875,112774.296875,115137.3515625,5030
2025-04-03,114500.0,115000.0,113800.0,114870.453125,3272
2025-04-04,115000.0,115000.0,112800.0,113236.953125,4440
2025-04-07,110000.0,110821.5,108001.0,110385.5,7098
2025-04-08,112000.0,113508.796875,111510.1015625,112592.3984375,4965
2025-04-09,112697.0,113397.3984375,111300.203125,113113.296875,4967
2025-04-11,113300.0,118749.953125,113300.0,117544.3984375,17890
2025-04-15,119900.0,123010.0,118200.0,122905.0,14655
2025-04-16,122950.0,124775.0,122885.0,124490.0,10139
2025-04-17,124100.0,126860.0,123990.0,126475.0,15654
2025-04-21,127475.0,128000.0,126495.0,126800.0,6676
2025-04-22,127200.0,129115.0,126300.0,127655.0,9283
2025-04-23,129380.0,129380.0,126650.0,127980.0,6770
2025-04-24,128000.0,130470.0,127555.0,129920.0,11841
2025-04-25,130500.0,130700.0,127400.0,128655.0,7468
2025-04-28,128500.0,130375.0,128495.0,130225.0,4740
2025-04-29,130750.0,133200.0,130700.0,132805.0,7993
2025-04-30,132950.0,135600.0,132000.0,134505.0,11000
2025-05-02,134800.0,135740.0,133900.0,134995.0,6669
2025-05-05,135310.0,137845.0,135310.0,136120.0,7072
2025-05-06,136800.0,137270.0,134500.0,134990.0,5771
2025-05-07,131500.0,141500.0,131500.0,140420.0,27052
2025-05-08,140750.0,143275.0,138350.0,138760.0,15480
2025-05-09,137415.0,138295.0,135600.0,137675.0,9582
2025-05-12,140400.0,141095.0,139570.0,139925.0,5916
2025-05-13,140100.0,141070.0,139000.0,140425.0,6054
2025-05-14,140425.0,141380.0,140425.0,141070.0,6640
2025-05-15,141500.0,141875.0,140865.0,141140.0,5969
2025-05-16,141765.0,142460.0,140000.0,140265.0,9730
2025-05-19,139410.0,140655.0,139410.0,140145.0,6621
2025-05-20,140100.0,141150.0,139485.0,140240.0,8983
2025-05-21,140800.0,142500.0,140500.0,142285.0,7110
2025-05-22,142400.0,143140.0,141500.0,142345.0,5201
2025-05-23,142250.0,143955.0,141830.0,143670.0,5635
2025-05-26,144000.0,147435.0,143705.0,146625.0,15301
2025-05-27,146625.0,146795.0,143620.0,143985.0,9952
2025-05-28,144800.0,144800.0,141555.0,142785.0,14908
2025-05-29,143100.0,144430.0,140015.0,140905.0,14872
2025-05-30,141690.0,141845.0,137165.0,138865.0,13777
2025-06-02,138400.0,141400.0,137010.0,140750.0,13350
2025-06-03,140760.0,141900.0,137450.0,138080.0,12154
2025-06-04,138770.0,139000.0,135800.0,136105.0,10461
2025-06-05,136800.0,140900.0,136535.0,140360.0,15753
2025-06-06,140700.0,140700.0,138185.0,139530.0,6901
2025-06-09,139540.0,141335.0,138210.0,138595.0,6140
2025-06-10,139400.0,139400.0,136555.0,137850.0,9402
2025-06-11,138000.0,139450.0,136500.0,136880.0,5607
2025-06-12,137430.0,137770.0,135500.0,136385.0,8399
2025-06-13,135795.0,138000.0,135000.0,137620.0,5875
2025-06-16,136800.0,137445.0,135900.0,136145.0,4147
2025-06-17,136300.0,137030.0,136005.0,136350.0,2551
2025-06-18,136100.0,138500.0,136100.0,137950.0,4151
2025-06-19,137750.0,138650.0,137060.0,138180.0,3680
2025-06-20,138510.0,138875.0,132740.0,134430.0,24690
2025-06-23,134430.0,135995.0,134400.0,135555.0,3479
2025-06-24,136500.0,137125.0,135830.0,136610.0,4694
2025-06-25,136910.0,139595.0,136600.0,139255.0,5814
2025-06-26,139305.0,143000.0,138625.0,142515.0,11171
2025-06-27,142600.0,145700.0,141700.0,143215.0,20472
2025-06-30,144000.0,145100.0,141695.0,142360.0,6320
2025-07-01,143000.0,143695.0,141690.0,142500.0,5748
2025-07-02,142800.0,145680.0,142800.0,145210.0,7394
2025-07-03,145400.0,148075.0,143720.0,144920.0,7751
2025-07-04,145500.0,146000.0,143500.0,143965.0,4175
2025-07-07,144660.0,144660.0,142200.0,143135.0,3844
2025-07-08,143005.0,145555.0,142210.0,144945.0,4391
2025-07-09,144945.0,151900.0,144000.0,150715.0,24541
2025-07-10,150100.0,150700.0,147000.0,148280.0,9580
2025-07-11,148280.0,148880.0,146200.0,148240.0,7148
2025-07-14,148240.0,150600.0,147005.0,148845.0,11768
2025-07-15,149530.0,151300.0,148270.0,150785.0,9826
2025-07-16,150200.0,153000.0,150200.0,152470.0,7865
2025-07-17,152100.0,152470.0,150005.0,150535.0,6478
2025-07-18,150535.0,151500.0,147500.0,148060.0,8078
2025-07-21,148400.0,149000.0,146550.0,148405.0,6592
2025-07-22,148500.0,150900.0,147860.0,148170.0,6764
2025-07-23,148600.0,150300.0,148600.0,149915.0,3588
2025-07-24,149915.0,152190.0,149900.0,150880.0,7838
2025-07-25,150800.0,151250.0,148425.0,149210.0,4591
2025-07-28,149500.0,150770.0,147205.0,147805.0,4668
2025-07-29,148300.0,150220.0,148015.0,149355.0,4513
2025-07-30,149960.0,150290.0,148600.0,150025.0,3136
2025-07-31,149050.0,149495.0,147200.0,147845.0,6737
2025-08-01,148400.0,149180.0,145050.0,145905.0,6369
2025-08-04,145900.0,147195.0,143995.0,144285.0,6882
2025-08-05,144600.0,146280.0,144200.0,145845.0,3962
2025-08-06,147000.0,147385.0,145700.0,146385.0,4222
2025-08-07,145500.0,146130.0,143500.0,144265.0,4325
2025-08-08,144700.0,144700.0,142000.0,142715.0,2851
2025-08-11,142850.0,143485.0,141095.0,142170.0,2920
2025-08-12,142170.0,142695.0,137215.0,140535.0,11861
2025-08-13,141700.0,141700.0,138100.0,138840.0,4360
2025-08-14,139000.0,139750.0,137900.0,138475.0,4133
2025-08-18,139100.0,145250.0,138755.0,144515.0,12991
2025-08-19,144500.0,148825.0,143250.0,146535.0,18003
2025-08-20,146500.0,149200.0,145860.0,148790.0,6421
2025-08-21,149530.0,150000.0,147465.0,148125.0,5446
2025-08-22,148750.0,148750.0,147000.0,147505.0,3011
2025-08-25,148200.0,148200.0,146205.0,146745.0,4631
2025-08-26,146500.0,147020.0,141600.0,142380.0,8941
2025-08-28,142700.0,143490.0,141200.0,142275.0,6106
2025-08-29,142000.0,142605.0,139900.0,140955.0,7056
2025-09-01,141100.0,145500.0,140955.0,144835.0,6252
2025-09-02,145200.0,155000.0,144185.0,153885.0,32632
2025-09-03,153885.0,154200.0,150250.0,150550.0,8962
2025-09-04,152550.0,155000.0,149200.0,149655.0,12184
2025-09-05,150390.0,150505.0,147700.0,148100.0,4806
2025-09-08,148840.0,149595.0,146600.0,147075.0,8159
2025-09-09,148050.0,149770.0,146700.0,149315.0,4638
2025-09-10,149400.0,150535.0,145000.0,145255.0,10906
2025-09-11,145890.0,147200.0,145330.0,146480.0,7349
2025-09-12,146500.0,148400.0,146085.0,146570.0,6578
2025-09-15,147300.0,148890.0,146885.0,147400.0,4443
2025-09-16,148050.0,152200.0,147800.0,150890.0,13098
2025-09-17,151200.0,152355.0,149600.0,150230.0,6242
2025-09-18,150980.0,151500.0,148800.0,149050.0,4567
2025-09-19,149650.0,151250.0,148010.0,149705.0,11008
2025-09-22,150000.0,154195.0,149125.0,152850.0,10863
2025-09-23,153000.0,156400.0,152995.0,155935.0,12421
2025-09-24,155400.0,155885.0,153030.0,153745.0,5737
2025-09-25,153710.0,153710.0,150000.0,150435.0,5811
2025-09-26,150890.0,151360.0,148000.0,148545.0,5719
2025-09-29,149820.0,149820.0,145070.0,145885.0,9306
2025-09-30,147285.0,148305.0,145420.0,145820.0,7375
2025-10-01,146600.0,149995.0,145800.0,148740.0,8100
2025-10-03,148740.0,154500.0,147405.0,153195.0,11930
2025-10-06,153190.0,153195.0,150860.0,152350.0,4800
2025-10-07,152350.0,154300.0,151110.0,153720.0,7514
2025-10-08,153720.0,160150.0,152500.0,155210.0,15979
2025-10-09,156100.0,157525.0,155215.0,156355.0,6422
2025-10-10,156400.0,157340.0,153355.0,155395.0,8693
2025-10-13,154600.0,157200.0,154600.0,156885.0,4616
2025-10-14,156550.0,158700.0,156355.0,157695.0,7557
2025-10-15,157695.0,157770.0,155000.0,155310.0,5500
2025-10-16,156100.0,156990.0,154705.0,155255.0,4769
2025-10-17,156100.0,156450.0,155115.0,155940.0,3587
2025-10-20,156780.0,163400.0,156535.0,161695.0,15860
2025-10-21,161100.0,162750.0,160215.0,161680.0,2188
2025-10-23,161980.0,163000.0,160285.0,162295.0,6570
2025-10-24,161055.0,163600.0,159400.0,160190.0,7853
2025-10-27,160190.0,161690.0,159090.0,159335.0,4430
2025-10-28,160200.0,162065.0,157900.0,158195.0,7325
2025-10-29,160000.0,160100.0,158400.0,159900.0,3671
2025-10-30,160100.0,160560.0,157700.0,158135.0,4107
2025-10-31,159000.0,159105.0,157250.0,157515.0,3835
2025-11-03,157800.0,159640.0,157800.0,158360.0,3088
2025-11-04,159150.0,159495.0,157550.0,157915.0,3650
2025-11-06,158955.0,159440.0,156805.0,157255.0,3826
2025-11-07,157885.0,159300.0,155665.0,158765.0,3830
2025-11-10,159500.0,159505.0,157320.0,157825.0,3056
2025-11-11,158620.0,158695.0,157220.0,158165.0,2691
2025-11-12,158365.0,159320.0,157300.0,157775.0,3575
2025-11-13,158300.0,159300.0,158000.0,158315.0,3192
2025-11-14,158475.0,159700.0,156220.0,157400.0,14236
2025-11-17,158500.0,158990.0,156750.0,157135.0,4449
2025-11-18,157500.0,157510.0,154650.0,155210.0,6029
2025-11-19,155600.0,155655.0,153100.0,153355.0,4529
2025-11-20,153500.0,154500.0,151505.0,151950.0,5220
2025-11-21,152500.0,154750.0,152000.0,152435.0,7022
2025-11-24,153000.0,157450.0,151810.0,155455.0,13719
2025-11-25,155000.0,155200.0,153655.0,154780.0,3067
2025-11-26,155200.0,155700.0,153515.0,154490.0,3665
2025-11-27,155000.0,155000.0,153405.0,153750.0,2344
2025-11-28,153750.0,153905.0,152000.0,152420.0,3564
2025-12-01,152500.0,153000.0,151600.0,152420.0,3132
2025-12-02,152445.0,155695.0,152445.0,154505.0,7318
2025-12-03,154500.0,154665.0,151750.0,152040.0,3887
2025-12-04,153000.0,153995.0,151735.0,153625.0,3170
2025-12-05,153650.0,154300.0,152800.0,153210.0,2243
2025-12-08,153300.0,155000.0,152240.0,153500.0,2444
2025-12-09,153490.0,153490.0,151600.0,152345.0,3580
2025-12-10,152820.0,153135.0,151000.0,151675.0,3400
2025-12-11,152300.0,153950.0,150300.0,153560.0,3905
2025-12-12,153610.0,153700.0,152000.0,152550.0,2546
2025-12-15,152550.0,153400.0,151160.0,153155.0,2843
2025-12-16,152500.0,153355.0,152400.0,152655.0,1967
2025-12-17,152700.0,153295.0,151120.0,151755.0,2903
2025-12-18,153000.0,153000.0,151330.0,152260.0,4410
2025-12-19,153000.0,155385.0,152260.0,153580.0,8953
2025-12-22,153930.0,154260.0,153400.0,153900.0,2771
2025-12-23,154880.0,154880.0,153025.0,153360.0,2988
2025-12-24,153400.0,153885.0,151025.0,151435.0,4115
2025-12-26,152200.0,152295.0,150000.0,150205.0,3539
2025-12-29,151000.0,151000.0,148000.0,148760.0,6672
2025-12-30,148800.0,155205.0,148170.0,151090.0,8688
2025-12-31,151505.0,153460.0,151500.0,152855.0,6063
2026-01-01,152500.0,153115.0,151220.0,151535.0,2867
2026-01-02,151600.0,151960.0,150470.0,150685.0,3834
2026-01-05,150750.0,151765.0,149700.0,150405.0,4627
2026-01-06,151585.0,151585.0,149625.0,150195.0,3349
2026-01-07,150205.0,150600.0,149550.0,150135.0,3436
2026-01-08,150250.0,150255.0,148100.0,148720.0,4338
2026-01-09,148500.0,149725.0,146520.0,147095.0,4120
2026-01-12,147795.0,149500.0,145340.0,148735.0,4581
2026-01-13,149395.0,149745.0,147115.0,147710.0,3618
2026-01-14,148000.0,148005.0,145305.0,145665.0,5287
2026-01-16,145600.0,145665.0,142535.0,142840.0,8096
2026-01-19,143000.0,145135.0,141505.0,143045.0,5832
2026-01-20,144000.0,144000.0,141750.0,143235.0,6432
2026-01-21,142900.0,142900.0,137740.0,140050.0,10269
2026-01-22,140200.0,142800.0,140200.0,142275.0,5051
2026-01-23,142675.0,142850.0,136800.0,137475.0,7285
2026-01-27,139000.0,139000.0,135450.0,135810.0,5335
2026-01-28,136200.0,136800.0,134430.0,134935.0,6515
2026-01-29,135500.0,135500.0,130400.0,130915.0,10020
2026-01-30,130900.0,133000.0,130025.0,132165.0,18857
2026-02-02,132295.0,134200.0,131200.0,133765.0,4177
2026-02-03,137645.0,137645.0,135010.0,136650.0,5922
2026-02-04,137000.0,139800.0,136010.0,137640.0,5376
2026-02-05,138455.0,138455.0,134600.0,134970.0,4836
2026-02-06,134970.0,149070.0,133740.0,146455.0,64381
2026-02-09,147000.0,147555.0,143250.0,145310.0,13111
2026-02-10,145420.0,149310.0,145420.0,148640.0,15161
2026-02-11,149500.0,152450.0,149375.0,151740.0,11807
2026-02-12,152000.0,152450.0,149800.0,151210.0,8080
2026-02-13,150750.0,151500.0,148505.0,150105.0,7131
2026-02-16,150105.0,150990.0,146100.0,147075.0,6265
2026-02-17,147690.0,148550.0,146565.0,147970.0,5191
2026-02-18,147970.0,148990.0,147350.0,147760.0,4021
2026-02-19,147760.0,148160.0,144800.0,145605.0,4071
2026-02-20,144145.0,147195.0,144145.0,146390.0,5043
2026-02-23,146645.0,146660.0,144350.0,145760.0,4613
2026-02-24,145700.0,146200.0,142630.0,143950.0,7790
2026-02-25,145000.0,148000.0,144245.0,147585.0,7166
2026-02-26,147350.0,147815.0,143100.0,143520.0,8204
2026-02-27,144000.0,144700.0,140400.0,140985.0,14866
2026-03-02,136480.0,139600.0,136100.0,138825.0,6735
2026-03-04,137480.0,138490.0,134395.0,135050.0,9847
2026-03-05,136015.0,140500.0,136015.0,140215.0,12556
2026-03-06,140010.0,142500.0,138250.0,138780.0,9417
2026-03-09,135910.0,137380.0,134505.0,134925.0,6888
2026-03-10,136500.0,138445.0,136500.0,137285.0,8283
2026-03-11,138000.0,138000.0,135800.0,136255.0,5145
2026-03-12,135795.0,138250.0,134435.0,138005.0,5563
2026-03-13,136500.0,137930.0,134500.0,134920.0,4972
2026-03-16,135455.0,135455.0,131100.0,132345.0,7644
2026-03-17,133695.0,134280.0,132480.0,132750.0,5574
2026-03-18,133580.0,135000.0,133155.0,133890.0,5578
2026-03-19,132795.0,132795.0,130380.0,130545.0,6110
2026-03-20,131940.0,132250.0,127015.0,127535.0,12604
2026-03-23,127515.0,127515.0,123455.0,124975.0,7960
2026-03-24,127900.0,128860.0,125500.0,127645.0,7980
2026-03-25,128785.0,130900.0,128465.0,129970.0,7281
2026-03-27,129400.0,130490.0,127525.0,129575.0,9722
2026-03-30,128100.0,129955.0,124725.0,128495.0,18685
2026-04-01,133000.0,133000.0,128575.0,129095.0,8541
2026-04-02,128500.0,128500.0,125600.0,126390.0,8458
2026-04-06,127600.0,127995.0,125510.0,127045.0,7634
2026-04-07,126355.0,127900.0,125120.0,127175.0,6401
2026-04-08,134465.0,134465.0,130830.0,133050.0,13484
2026-04-09,133695.0,135395.0,131750.0,134020.0,10663
2026-04-10,134800.0,137600.0,134420.0,136705.0,13197
2026-04-13,133450.0,135550.0,133450.0,134315.0,6515
2026-04-15,137005.0,138350.0,136200.0,137900.0,6514
2026-04-16,138495.0,140795.0,138300.0,138740.0,6502
2026-04-17,138895.0,140040.0,138235.0,139855.0,4672
2026-04-20,139855.0,140335.0,138515.0,139225.0,4443
2026-04-21,139750.0,140510.0,138125.0,139665.0,3357
2026-04-22,139600.0,140095.0,136165.0,137040.0,7670
2026-04-23,136880.0,136890.0,134205.0,134615.0,5906
2026-04-24,134615.0,135770.0,131740.0,132145.0,5538
2026-04-27,132550.0,133545.0,131800.0,132205.0,6124
2026-04-28,132205.0,132695.0,130000.0,130120.0,8198
2026-04-29,131500.0,134100.0,130150.0,130425.0,10157
2026-04-30,130355.0,131100.0,128750.0,129710.0,7905
2026-05-01,129710.0,129710.0,129710.0,129710.0,0
2026-05-04,131000.0,131895.0,128690.0,129235.0,6536
2026-05-05,130095.0,130095.0,128110.0,128270.0,7949
2026-05-06,129540.0,130750.0,128720.0,130335.0,6785
2026-05-07,131495.0,133950.0,129350.0,129965.0,23649
2026-05-08,131745.0,132000.0,130135.0,130425.0,6385
2026-05-11,130330.0,130500.0,128620.0,128910.0,4534
2026-05-12,129000.0,129565.0,126050.0,126505.0,7750
2026-05-13,126535.0,127500.0,124900.0,126480.0,8533
2026-05-14,127000.0,128320.0,126000.0,126455.0,6978
2026-05-15,127030.0,128910.0,126500.0,128640.0,5420
2026-05-18,127500.0,129365.0,126520.0,129110.0,5290
2026-05-19,128550.0,129500.0,126200.0,126730.0,7011
2026-05-20,126700.0,127790.0,125410.0,127125.0,4993
2026-05-21,127660.0,127990.0,125630.0,126070.0,5263
2026-05-22,126790.0,127330.0,125800.0,126785.0,5408
2026-05-25,128220.0,129390.0,127175.0,128655.0,6716
2026-05-26,129000.0,129200.0,127000.0,127160.0,5582
2026-05-27,127700.0,127760.0,126900.0,127040.0,2911
2026-05-28,127040.0,127040.0,127040.0,127040.0,0
2026-05-29,127040.0,127590.0,122000.0,123420.0,17159
2026-06-01,125275.0,125275.0,123800.0,124425.0,5787
2026-06-02,123805.0,125620.0,123430.0,124695.0,4336
2026-06-03,124950.0,125395.0,124075.0,124790.0,3216
2026-06-04,124800.0,125500.0,124300.0,124715.0,3345
2026-06-05,125950.0,125950.0,123350.0,123505.0,7169
2026-06-08,123500.0,123940.0,122205.0,122820.0,4228
2026-06-09,123390.0,123680.0,122595.0,122750.0,4774
2026-06-10,123000.0,123300.0,122140.0,122595.0,4721
2026-06-11,122550.0,123500.0,122050.0,122935.0,4096
2026-06-12,123590.0,125700.0,123540.0,125515.0,4679
2026-06-15,127005.0,131795.0,127005.0,128540.0,17752
2026-06-16,129500.0,129930.0,127800.0,128470.0,6791
2026-06-17,128940.0,129590.0,128205.0,129245.0,6926
2026-06-18,129250.0,131000.0,128905.0,130085.0,4351
2026-06-19,130310.0,130485.0,128380.0,128645.0,6602
2026-06-22,128645.0,132040.0,128645.0,131560.0,11184
2026-06-23,131560.0,132885.0,131000.0,131350.0,7614
2026-06-24,131350.0,131750.0,129800.0,130120.0,5739
2026-06-25,130990.0,131795.0,129205.0,129550.0,4800
2026-06-26,129550.0,129550.0,129550.0,129550.0,0
2026-06-29,129900.0,130200.0,123605.0,124050.0,17404
2026-06-30,125065.0,128100.0,124455.0,127820.0,12076
2026-07-01,128090.0,130600.0,127480.0,129430.0,8684
2026-07-02,129750.0,132220.0,129750.0,132065.0,9911
2026-07-03,132665.0,136490.0,132665.0,134655.0,15955
2026-07-06,135200.0,136680.0,133315.0,135640.0,7800
2026-07-07,135900.0,138990.0,135640.0,138650.0,14263
2026-07-08,137195.0,137420.0,132600.0,132940.0,8320
2026-07-09,132940.0,134390.0,132940.0,133870.0,4494
2026-07-10,134505.0,135250.0,134000.0,134425.0,3613
2026-07-13,133000.0,133000.0,131000.0,131285.0,5948
2026-07-14,131280.0,131630.0,130115.0,131025.0,6575
2026-07-15,131420.0,133250.0,131140.0,131675.0,6685
2026-07-16,132330.0,133180.0,131065.0,131430.0,3659
2026-07-17,131195.0,131285.0,129550.0,130695.0,9004
2026-07-20,130550.0,132990.0,130500.0,132800.0,5985
2026-07-21,132800.0,134350.0,132335.0,134000.0,3935
2026-07-22,133990.0,134490.0,132735.0,132945.0,3057
2026-07-23,132945.0,133390.0,131500.0,132030.0,2499
2026-07-24,131050.0,131490.0,130300.0,130755.0,2595
2026-07-27,131890.0,132500.0,131005.0,132020.0,3983
2026-07-28,132500.0,134000.0,132100.0,133140.0,5493
2026-07-29,133500.0,134925.0,133495.0,134200.0,4642
2026-07-30,134200.0,135550.0,133510.0,134860.0,3756
2026-07-31,135000.0,135395.0,132500.0,132770.0,5461
2026-08-03,134100.0,134550.0,133205.0,133730.0,3472
2026-08-04,133730.0,134000.0,132570.0,132745.0,3192
2026-08-05,133700.0,135180.0,133545.0,134405.0,4723
2026-08-06,134500.0,135150.0,133300.0,133930.0,3690
2026-08-07,133930.0,134500.0,133500.0,134190.0,2090
2026-08-10,134000.0,134895.0,133600.0,133850.0,2359
2026-08-11,134000.0,134000.0,129570.0,131125.0,17256
2026-08-12,131540.0,131985.0,130430.0,130785.0,4123
2026-08-13,131100.0,131345.0,130500.0,130985.0,2012
2026-08-14,130985.0,133855.0,130560.0,133490.0,4857
2026-08-17,133235.0,133320.0,132450.0,133015.0,2047
2026-08-18,133015.0,133900.0,132650.0,133505.0,2637
2026-08-19,133505.0,133875.0,132720.0,133630.0,3065
2026-08-20,133660.0,134185.0,133285.0,134000.0,2616
2026-08-21,134100.0,134195.0,132420.0,132665.0,2811
2026-08-24,132800.0,135755.0,132665.0,134365.0,5313
2026-08-25,134240.0,134385.0,131400.0,132295.0,6400
2026-08-26,133500.0,133850.0,132910.0,133520.0,1801
2026-08-27,133600.0,133790.0,132500.0,133600.0,2084
2026-08-28,133600.0,134000.0,131910.0,132080.0,2262
2026-08-31,131900.0,135800.0,131040.0,133745.0,12796
2026-09-01,134795.0,134795.0,132115.0,132335.0,2838
2026-09-02,132000.0,132865.0,130700.0,131880.0,4254
2026-09-03,132800.0,132800.0,130100.0,130510.0,6240
2026-09-04,130950.0,131080.0,129705.0,129945.0,4656
2026-09-07,130200.0,130300.0,128705.0,128890.0,3771
2026-09-08,128750.0,129290.0,128000.0,128245.0,2712
2026-09-09,128400.0,129090.0,127545.0,128315.0,2834
2026-09-10,128400.0,129245.0,128000.0,128270.0,2102
2026-09-11,128105.0,128765.0,127015.0,128290.0,2143
2026-09-14,128290.0,128290.0,128290.0,128290.0,0
2026-09-15,128800.0,129600.0,125500.0,125795.0,2921
2026-09-16,125880.0,127700.0,124615.0,125010.0,4959
2026-09-17,125100.0,125850.0,124300.0,124585.0,3594
